district,nb_dmd,energy,date
Andramasina,209,0.0008638666666666668,2000-01-01
Antananarivo-Avaradrano,228,0.0009424000000000001,2000-01-01
Antananarivo-Atsimondrano,206,0.0008514666666666667,2000-01-01
Manjakandriana,200,0.0008266666666666667,2000-01-01
Ambohidratrimo,217,0.0008969333333333334,2000-01-01
Anjozorobe,197,0.0008142666666666668,2000-01-01
Ankazobe,213,0.0008804,2000-01-01
Andramasina,201,0.0008308,2000-02-01
Antananarivo-Avaradrano,207,0.0008556000000000001,2000-02-01
Antananarivo-Atsimondrano,202,0.0008349333333333334,2000-02-01
Manjakandriana,226,0.0009341333333333335,2000-02-01
Ambohidratrimo,228,0.0009424000000000001,2000-02-01
Anjozorobe,231,0.0009548000000000001,2000-02-01
Ankazobe,224,0.0009258666666666668,2000-02-01
Andramasina,238,0.0009837333333333335,2000-03-01
Antananarivo-Avaradrano,209,0.0008638666666666668,2000-03-01
Antananarivo-Atsimondrano,223,0.0009217333333333335,2000-03-01
Manjakandriana,204,0.0008432,2000-03-01
Ambohidratrimo,233,0.0009630666666666667,2000-03-01
Anjozorobe,207,0.0008556000000000001,2000-03-01
Ankazobe,202,0.0008349333333333334,2000-03-01
Andramasina,236,0.0009754666666666668,2000-04-01
Antananarivo-Avaradrano,198,0.0008184,2000-04-01
Antananarivo-Atsimondrano,223,0.0009217333333333335,2000-04-01
Manjakandriana,198,0.0008184,2000-04-01
Ambohidratrimo,217,0.0008969333333333334,2000-04-01
Anjozorobe,230,0.0009506666666666667,2000-04-01
Ankazobe,197,0.0008142666666666668,2000-04-01
Andramasina,222,0.0009176000000000002,2000-05-01
Antananarivo-Avaradrano,206,0.0008514666666666667,2000-05-01
Antananarivo-Atsimondrano,190,0.0007853333333333334,2000-05-01
Manjakandriana,215,0.0008886666666666667,2000-05-01
Ambohidratrimo,213,0.0008804,2000-05-01
Anjozorobe,199,0.0008225333333333334,2000-05-01
Ankazobe,191,0.0007894666666666667,2000-05-01
Andramasina,211,0.0008721333333333335,2000-06-01
Antananarivo-Avaradrano,205,0.0008473333333333334,2000-06-01
Antananarivo-Atsimondrano,183,0.0007564000000000001,2000-06-01
Manjakandriana,202,0.0008349333333333334,2000-06-01
Ambohidratrimo,218,0.0009010666666666667,2000-06-01
Anjozorobe,213,0.0008804,2000-06-01
Ankazobe,193,0.0007977333333333335,2000-06-01
Andramasina,241,0.0009961333333333333,2000-07-01
Antananarivo-Avaradrano,220,0.0009093333333333334,2000-07-01
Antananarivo-Atsimondrano,213,0.0008804,2000-07-01
Manjakandriana,239,0.0009878666666666668,2000-07-01
Ambohidratrimo,221,0.0009134666666666668,2000-07-01
Anjozorobe,239,0.0009878666666666668,2000-07-01
Ankazobe,222,0.0009176000000000002,2000-07-01
Andramasina,200,0.0008266666666666667,2000-08-01
Antananarivo-Avaradrano,194,0.0008018666666666668,2000-08-01
Antananarivo-Atsimondrano,184,0.0007605333333333335,2000-08-01
Manjakandriana,194,0.0008018666666666668,2000-08-01
Ambohidratrimo,196,0.0008101333333333335,2000-08-01
Anjozorobe,187,0.0007729333333333334,2000-08-01
Ankazobe,184,0.0007605333333333335,2000-08-01
Andramasina,194,0.0008018666666666668,2000-09-01
Antananarivo-Avaradrano,171,0.0007068,2000-09-01
Antananarivo-Atsimondrano,193,0.0007977333333333335,2000-09-01
Manjakandriana,191,0.0007894666666666667,2000-09-01
Ambohidratrimo,173,0.0007150666666666667,2000-09-01
Anjozorobe,179,0.0007398666666666668,2000-09-01
Ankazobe,165,0.0006820000000000001,2000-09-01
Andramasina,165,0.0006820000000000001,2000-10-01
Antananarivo-Avaradrano,164,0.0006778666666666668,2000-10-01
Antananarivo-Atsimondrano,169,0.0006985333333333334,2000-10-01
Manjakandriana,192,0.0007936000000000001,2000-10-01
Ambohidratrimo,177,0.0007316,2000-10-01
Anjozorobe,167,0.0006902666666666668,2000-10-01
Ankazobe,194,0.0008018666666666668,2000-10-01
Andramasina,174,0.0007192,2000-11-01
Antananarivo-Avaradrano,206,0.0008514666666666667,2000-11-01
Antananarivo-Atsimondrano,208,0.0008597333333333335,2000-11-01
Manjakandriana,176,0.0007274666666666667,2000-11-01
Ambohidratrimo,183,0.0007564000000000001,2000-11-01
Anjozorobe,192,0.0007936000000000001,2000-11-01
Ankazobe,182,0.0007522666666666668,2000-11-01
Andramasina,184,0.0007605333333333335,2000-12-01
Antananarivo-Avaradrano,213,0.0008804,2000-12-01
Antananarivo-Atsimondrano,184,0.0007605333333333335,2000-12-01
Manjakandriana,181,0.0007481333333333335,2000-12-01
Ambohidratrimo,200,0.0008266666666666667,2000-12-01
Anjozorobe,190,0.0007853333333333334,2000-12-01
Ankazobe,186,0.0007688,2000-12-01
Andramasina,203,0.0009253416666666667,2001-01-01
Antananarivo-Avaradrano,217,0.0009891583333333333,2001-01-01
Antananarivo-Atsimondrano,235,0.0010712083333333335,2001-01-01
Manjakandriana,208,0.0009481333333333335,2001-01-01
Ambohidratrimo,215,0.0009800416666666668,2001-01-01
Anjozorobe,228,0.0010393,2001-01-01
Ankazobe,226,0.0010301833333333334,2001-01-01
Andramasina,210,0.00095725,2001-02-01
Antananarivo-Avaradrano,217,0.0009891583333333333,2001-02-01
Antananarivo-Atsimondrano,225,0.001025625,2001-02-01
Manjakandriana,236,0.0010757666666666667,2001-02-01
Ambohidratrimo,244,0.0011122333333333334,2001-02-01
Anjozorobe,219,0.000998275,2001-02-01
Ankazobe,230,0.0010484166666666667,2001-02-01
Andramasina,245,0.0011167916666666668,2001-03-01
Antananarivo-Avaradrano,237,0.001080325,2001-03-01
Antananarivo-Atsimondrano,235,0.0010712083333333335,2001-03-01
Manjakandriana,228,0.0010393,2001-03-01
Ambohidratrimo,248,0.0011304666666666666,2001-03-01
Anjozorobe,242,0.0011031166666666669,2001-03-01
Ankazobe,215,0.0009800416666666668,2001-03-01
Andramasina,232,0.0010575333333333332,2001-04-01
Antananarivo-Avaradrano,240,0.001094,2001-04-01
Antananarivo-Atsimondrano,218,0.0009937166666666667,2001-04-01
Manjakandriana,215,0.0009800416666666668,2001-04-01
Ambohidratrimo,236,0.0010757666666666667,2001-04-01
Anjozorobe,238,0.0010848833333333334,2001-04-01
Ankazobe,234,0.0010666500000000002,2001-04-01
Andramasina,222,0.00101195,2001-05-01
Antananarivo-Avaradrano,236,0.0010757666666666667,2001-05-01
Antananarivo-Atsimondrano,239,0.0010894416666666668,2001-05-01
Manjakandriana,209,0.0009526916666666667,2001-05-01
Ambohidratrimo,226,0.0010301833333333334,2001-05-01
Anjozorobe,228,0.0010393,2001-05-01
Ankazobe,221,0.0010073916666666668,2001-05-01
Andramasina,210,0.00095725,2001-06-01
Antananarivo-Avaradrano,216,0.0009846,2001-06-01
Antananarivo-Atsimondrano,224,0.0010210666666666667,2001-06-01
Manjakandriana,214,0.0009754833333333333,2001-06-01
Ambohidratrimo,209,0.0009526916666666667,2001-06-01
Anjozorobe,226,0.0010301833333333334,2001-06-01
Ankazobe,197,0.0008979916666666666,2001-06-01
Andramasina,260,0.0011851666666666668,2001-07-01
Antananarivo-Avaradrano,244,0.0011122333333333334,2001-07-01
Antananarivo-Atsimondrano,237,0.001080325,2001-07-01
Manjakandriana,229,0.0010438583333333333,2001-07-01
Ambohidratrimo,241,0.0010985583333333333,2001-07-01
Anjozorobe,228,0.0010393,2001-07-01
Ankazobe,239,0.0010894416666666668,2001-07-01
Andramasina,206,0.0009390166666666667,2001-08-01
Antananarivo-Avaradrano,205,0.0009344583333333334,2001-08-01
Antananarivo-Atsimondrano,192,0.0008752,2001-08-01
Manjakandriana,175,0.0007977083333333333,2001-08-01
Ambohidratrimo,211,0.0009618083333333334,2001-08-01
Anjozorobe,187,0.0008524083333333334,2001-08-01
Ankazobe,196,0.0008934333333333334,2001-08-01
Andramasina,208,0.0009481333333333335,2001-09-01
Antananarivo-Avaradrano,182,0.0008296166666666667,2001-09-01
Antananarivo-Atsimondrano,184,0.0008387333333333333,2001-09-01
Manjakandriana,176,0.0008022666666666667,2001-09-01
Ambohidratrimo,194,0.0008843166666666668,2001-09-01
Anjozorobe,172,0.0007840333333333334,2001-09-01
Ankazobe,190,0.0008660833333333334,2001-09-01
Andramasina,190,0.0008660833333333334,2001-10-01
Antananarivo-Avaradrano,186,0.00084785,2001-10-01
Antananarivo-Atsimondrano,177,0.0008068250000000001,2001-10-01
Manjakandriana,206,0.0009390166666666667,2001-10-01
Ambohidratrimo,207,0.0009435750000000001,2001-10-01
Anjozorobe,192,0.0008752,2001-10-01
Ankazobe,201,0.000916225,2001-10-01
Andramasina,180,0.0008205,2001-11-01
Antananarivo-Avaradrano,212,0.0009663666666666667,2001-11-01
Antananarivo-Atsimondrano,207,0.0009435750000000001,2001-11-01
Manjakandriana,209,0.0009526916666666667,2001-11-01
Ambohidratrimo,220,0.0010028333333333334,2001-11-01
Anjozorobe,211,0.0009618083333333334,2001-11-01
Ankazobe,212,0.0009663666666666667,2001-11-01
Andramasina,227,0.0010347416666666668,2001-12-01
Antananarivo-Avaradrano,218,0.0009937166666666667,2001-12-01
Antananarivo-Atsimondrano,201,0.000916225,2001-12-01
Manjakandriana,219,0.000998275,2001-12-01
Ambohidratrimo,229,0.0010438583333333333,2001-12-01
Anjozorobe,223,0.0010165083333333335,2001-12-01
Ankazobe,198,0.0009025500000000001,2001-12-01
Andramasina,224,0.0009650666666666667,2002-01-01
Antananarivo-Avaradrano,244,0.0010512333333333333,2002-01-01
Antananarivo-Atsimondrano,244,0.0010512333333333333,2002-01-01
Manjakandriana,227,0.0009779916666666666,2002-01-01
Ambohidratrimo,250,0.0010770833333333335,2002-01-01
Anjozorobe,214,0.0009219833333333334,2002-01-01
Ankazobe,236,0.0010167666666666669,2002-01-01
Andramasina,257,0.0011072416666666669,2002-02-01
Antananarivo-Avaradrano,229,0.0009866083333333333,2002-02-01
Antananarivo-Atsimondrano,245,0.0010555416666666667,2002-02-01
Manjakandriana,247,0.0010641583333333333,2002-02-01
Ambohidratrimo,232,0.0009995333333333335,2002-02-01
Anjozorobe,235,0.0010124583333333333,2002-02-01
Ankazobe,237,0.001021075,2002-02-01
Andramasina,230,0.0009909166666666666,2002-03-01
Antananarivo-Avaradrano,236,0.0010167666666666669,2002-03-01
Antananarivo-Atsimondrano,237,0.001021075,2002-03-01
Manjakandriana,236,0.0010167666666666669,2002-03-01
Ambohidratrimo,253,0.0010900083333333335,2002-03-01
Anjozorobe,249,0.001072775,2002-03-01
Ankazobe,220,0.0009478333333333334,2002-03-01
Andramasina,233,0.0010038416666666666,2002-04-01
Antananarivo-Avaradrano,255,0.001098625,2002-04-01
Antananarivo-Atsimondrano,238,0.0010253833333333335,2002-04-01
Manjakandriana,234,0.0010081500000000002,2002-04-01
Ambohidratrimo,246,0.0010598500000000002,2002-04-01
Anjozorobe,240,0.001034,2002-04-01
Ankazobe,234,0.0010081500000000002,2002-04-01
Andramasina,236,0.0010167666666666669,2002-05-01
Antananarivo-Avaradrano,246,0.0010598500000000002,2002-05-01
Antananarivo-Atsimondrano,224,0.0009650666666666667,2002-05-01
Manjakandriana,230,0.0009909166666666666,2002-05-01
Ambohidratrimo,244,0.0010512333333333333,2002-05-01
Anjozorobe,240,0.001034,2002-05-01
Ankazobe,230,0.0009909166666666666,2002-05-01
Andramasina,234,0.0010081500000000002,2002-06-01
Antananarivo-Avaradrano,218,0.0009392166666666667,2002-06-01
Antananarivo-Atsimondrano,206,0.0008875166666666667,2002-06-01
Manjakandriana,234,0.0010081500000000002,2002-06-01
Ambohidratrimo,208,0.0008961333333333334,2002-06-01
Anjozorobe,205,0.0008832083333333334,2002-06-01
Ankazobe,232,0.0009995333333333335,2002-06-01
Andramasina,265,0.0011417083333333336,2002-07-01
Antananarivo-Avaradrano,248,0.0010684666666666667,2002-07-01
Antananarivo-Atsimondrano,249,0.001072775,2002-07-01
Manjakandriana,241,0.0010383083333333333,2002-07-01
Ambohidratrimo,232,0.0009995333333333335,2002-07-01
Anjozorobe,248,0.0010684666666666667,2002-07-01
Ankazobe,248,0.0010684666666666667,2002-07-01
Andramasina,188,0.0008099666666666667,2002-08-01
Antananarivo-Avaradrano,216,0.0009306000000000001,2002-08-01
Antananarivo-Atsimondrano,219,0.0009435250000000001,2002-08-01
Manjakandriana,203,0.0008745916666666667,2002-08-01
Ambohidratrimo,206,0.0008875166666666667,2002-08-01
Anjozorobe,219,0.0009435250000000001,2002-08-01
Ankazobe,213,0.0009176750000000001,2002-08-01
Andramasina,200,0.0008616666666666667,2002-09-01
Antananarivo-Avaradrano,209,0.0009004416666666667,2002-09-01
Antananarivo-Atsimondrano,203,0.0008745916666666667,2002-09-01
Manjakandriana,191,0.0008228916666666667,2002-09-01
Ambohidratrimo,215,0.0009262916666666667,2002-09-01
Anjozorobe,198,0.00085305,2002-09-01
Ankazobe,209,0.0009004416666666667,2002-09-01
Andramasina,197,0.0008487416666666667,2002-10-01
Antananarivo-Avaradrano,214,0.0009219833333333334,2002-10-01
Antananarivo-Atsimondrano,208,0.0008961333333333334,2002-10-01
Manjakandriana,184,0.0007927333333333334,2002-10-01
Ambohidratrimo,210,0.00090475,2002-10-01
Anjozorobe,208,0.0008961333333333334,2002-10-01
Ankazobe,183,0.000788425,2002-10-01
Andramasina,220,0.0009478333333333334,2002-11-01
Antananarivo-Avaradrano,211,0.0009090583333333334,2002-11-01
Antananarivo-Atsimondrano,196,0.0008444333333333334,2002-11-01
Manjakandriana,194,0.0008358166666666667,2002-11-01
Ambohidratrimo,227,0.0009779916666666666,2002-11-01
Anjozorobe,215,0.0009262916666666667,2002-11-01
Ankazobe,206,0.0008875166666666667,2002-11-01
Andramasina,203,0.0008745916666666667,2002-12-01
Antananarivo-Avaradrano,204,0.0008789000000000001,2002-12-01
Antananarivo-Atsimondrano,222,0.0009564500000000001,2002-12-01
Manjakandriana,231,0.000995225,2002-12-01
Ambohidratrimo,216,0.0009306000000000001,2002-12-01
Anjozorobe,205,0.0008832083333333334,2002-12-01
Ankazobe,238,0.0010253833333333335,2002-12-01
Andramasina,247,0.0011814833333333333,2003-01-01
Antananarivo-Avaradrano,257,0.0012293166666666666,2003-01-01
Antananarivo-Atsimondrano,246,0.0011767000000000001,2003-01-01
Manjakandriana,252,0.0012054,2003-01-01
Ambohidratrimo,236,0.0011288666666666666,2003-01-01
Anjozorobe,255,0.00121975,2003-01-01
Ankazobe,232,0.0011097333333333333,2003-01-01
Andramasina,227,0.0010858166666666666,2003-02-01
Antananarivo-Avaradrano,246,0.0011767000000000001,2003-02-01
Antananarivo-Atsimondrano,264,0.0012628,2003-02-01
Manjakandriana,235,0.0011240833333333333,2003-02-01
Ambohidratrimo,228,0.0010906,2003-02-01
Anjozorobe,255,0.00121975,2003-02-01
Ankazobe,263,0.0012580166666666666,2003-02-01
Andramasina,256,0.0012245333333333332,2003-03-01
Antananarivo-Avaradrano,242,0.0011575666666666666,2003-03-01
Antananarivo-Atsimondrano,255,0.00121975,2003-03-01
Manjakandriana,267,0.00127715,2003-03-01
Ambohidratrimo,231,0.00110495,2003-03-01
Anjozorobe,232,0.0011097333333333333,2003-03-01
Ankazobe,238,0.0011384333333333335,2003-03-01
Andramasina,265,0.0012675833333333332,2003-04-01
Antananarivo-Avaradrano,235,0.0011240833333333333,2003-04-01
Antananarivo-Atsimondrano,240,0.001148,2003-04-01
Manjakandriana,257,0.0012293166666666666,2003-04-01
Ambohidratrimo,227,0.0010858166666666666,2003-04-01
Anjozorobe,260,0.0012436666666666668,2003-04-01
Ankazobe,262,0.0012532333333333335,2003-04-01
Andramasina,243,0.00116235,2003-05-01
Antananarivo-Avaradrano,256,0.0012245333333333332,2003-05-01
Antananarivo-Atsimondrano,242,0.0011575666666666666,2003-05-01
Manjakandriana,258,0.0012341,2003-05-01
Ambohidratrimo,233,0.0011145166666666666,2003-05-01
Anjozorobe,249,0.00119105,2003-05-01
Ankazobe,230,0.0011001666666666668,2003-05-01
Andramasina,213,0.00101885,2003-06-01
Antananarivo-Avaradrano,249,0.00119105,2003-06-01
Antananarivo-Atsimondrano,245,0.0011719166666666668,2003-06-01
Manjakandriana,245,0.0011719166666666668,2003-06-01
Ambohidratrimo,240,0.001148,2003-06-01
Anjozorobe,230,0.0011001666666666668,2003-06-01
Ankazobe,220,0.0010523333333333333,2003-06-01
Andramasina,273,0.00130585,2003-07-01
Antananarivo-Avaradrano,277,0.0013249833333333334,2003-07-01
Antananarivo-Atsimondrano,248,0.0011862666666666666,2003-07-01
Manjakandriana,262,0.0012532333333333335,2003-07-01
Ambohidratrimo,265,0.0012675833333333332,2003-07-01
Anjozorobe,259,0.0012388833333333332,2003-07-01
Ankazobe,258,0.0012341,2003-07-01
Andramasina,211,0.0010092833333333333,2003-08-01
Antananarivo-Avaradrano,206,0.0009853666666666666,2003-08-01
Antananarivo-Atsimondrano,201,0.00096145,2003-08-01
Manjakandriana,222,0.0010619,2003-08-01
Ambohidratrimo,206,0.0009853666666666666,2003-08-01
Anjozorobe,196,0.0009375333333333333,2003-08-01
Ankazobe,201,0.00096145,2003-08-01
Andramasina,223,0.0010666833333333335,2003-09-01
Antananarivo-Avaradrano,201,0.00096145,2003-09-01
Antananarivo-Atsimondrano,210,0.0010045,2003-09-01
Manjakandriana,190,0.0009088333333333332,2003-09-01
Ambohidratrimo,203,0.0009710166666666666,2003-09-01
Anjozorobe,227,0.0010858166666666666,2003-09-01
Ankazobe,217,0.0010379833333333333,2003-09-01
Andramasina,204,0.0009758,2003-10-01
Antananarivo-Avaradrano,193,0.0009231833333333333,2003-10-01
Antananarivo-Atsimondrano,208,0.0009949333333333333,2003-10-01
Manjakandriana,225,0.00107625,2003-10-01
Ambohidratrimo,209,0.0009997166666666666,2003-10-01
Anjozorobe,216,0.0010332,2003-10-01
Ankazobe,213,0.00101885,2003-10-01
Andramasina,239,0.0011432166666666666,2003-11-01
Antananarivo-Avaradrano,203,0.0009710166666666666,2003-11-01
Antananarivo-Atsimondrano,214,0.0010236333333333333,2003-11-01
Manjakandriana,222,0.0010619,2003-11-01
Ambohidratrimo,230,0.0011001666666666668,2003-11-01
Anjozorobe,222,0.0010619,2003-11-01
Ankazobe,204,0.0009758,2003-11-01
Andramasina,230,0.0011001666666666668,2003-12-01
Antananarivo-Avaradrano,228,0.0010906,2003-12-01
Antananarivo-Atsimondrano,212,0.0010140666666666666,2003-12-01
Manjakandriana,246,0.0011767000000000001,2003-12-01
Ambohidratrimo,247,0.0011814833333333333,2003-12-01
Anjozorobe,224,0.0010714666666666666,2003-12-01
Ankazobe,218,0.0010427666666666666,2003-12-01
Andramasina,267,0.0013839500000000001,2004-01-01
Antananarivo-Avaradrano,242,0.0012543666666666668,2004-01-01
Antananarivo-Atsimondrano,232,0.0012025333333333334,2004-01-01
Manjakandriana,247,0.0012802833333333333,2004-01-01
Ambohidratrimo,242,0.0012543666666666668,2004-01-01
Anjozorobe,249,0.0012906500000000002,2004-01-01
Ankazobe,251,0.0013010166666666666,2004-01-01
Andramasina,266,0.0013787666666666666,2004-02-01
Antananarivo-Avaradrano,241,0.0012491833333333334,2004-02-01
Antananarivo-Atsimondrano,258,0.0013373,2004-02-01
Manjakandriana,249,0.0012906500000000002,2004-02-01
Ambohidratrimo,238,0.0012336333333333334,2004-02-01
Anjozorobe,246,0.0012751000000000001,2004-02-01
Ankazobe,244,0.0012647333333333332,2004-02-01
Andramasina,240,0.001244,2004-03-01
Antananarivo-Avaradrano,279,0.00144615,2004-03-01
Antananarivo-Atsimondrano,278,0.0014409666666666667,2004-03-01
Manjakandriana,267,0.0013839500000000001,2004-03-01
Ambohidratrimo,242,0.0012543666666666668,2004-03-01
Anjozorobe,277,0.0014357833333333333,2004-03-01
Ankazobe,270,0.0013995,2004-03-01
Andramasina,266,0.0013787666666666666,2004-04-01
Antananarivo-Avaradrano,264,0.0013684,2004-04-01
Antananarivo-Atsimondrano,267,0.0013839500000000001,2004-04-01
Manjakandriana,265,0.0013735833333333334,2004-04-01
Ambohidratrimo,256,0.0013269333333333334,2004-04-01
Anjozorobe,257,0.0013321166666666667,2004-04-01
Ankazobe,264,0.0013684,2004-04-01
Andramasina,240,0.001244,2004-05-01
Antananarivo-Avaradrano,257,0.0013321166666666667,2004-05-01
Antananarivo-Atsimondrano,259,0.0013424833333333334,2004-05-01
Manjakandriana,239,0.0012388166666666668,2004-05-01
Ambohidratrimo,232,0.0012025333333333334,2004-05-01
Anjozorobe,267,0.0013839500000000001,2004-05-01
Ankazobe,254,0.0013165666666666669,2004-05-01
Andramasina,252,0.0013062,2004-06-01
Antananarivo-Avaradrano,236,0.0012232666666666667,2004-06-01
Antananarivo-Atsimondrano,251,0.0013010166666666666,2004-06-01
Manjakandriana,252,0.0013062,2004-06-01
Ambohidratrimo,225,0.00116625,2004-06-01
Anjozorobe,246,0.0012751000000000001,2004-06-01
Ankazobe,252,0.0013062,2004-06-01
Andramasina,272,0.0014098666666666668,2004-07-01
Antananarivo-Avaradrano,275,0.0014254166666666668,2004-07-01
Antananarivo-Atsimondrano,261,0.00135285,2004-07-01
Manjakandriana,289,0.0014979833333333334,2004-07-01
Ambohidratrimo,261,0.00135285,2004-07-01
Anjozorobe,286,0.0014824333333333334,2004-07-01
Ankazobe,295,0.0015290833333333335,2004-07-01
Andramasina,205,0.0010625833333333336,2004-08-01
Antananarivo-Avaradrano,234,0.0012129,2004-08-01
Antananarivo-Atsimondrano,225,0.00116625,2004-08-01
Manjakandriana,228,0.0011818,2004-08-01
Ambohidratrimo,233,0.0012077166666666667,2004-08-01
Anjozorobe,240,0.001244,2004-08-01
Ankazobe,214,0.0011092333333333334,2004-08-01
Andramasina,221,0.0011455166666666666,2004-09-01
Antananarivo-Avaradrano,220,0.0011403333333333335,2004-09-01
Antananarivo-Atsimondrano,206,0.0010677666666666667,2004-09-01
Manjakandriana,200,0.0010366666666666666,2004-09-01
Ambohidratrimo,200,0.0010366666666666666,2004-09-01
Anjozorobe,205,0.0010625833333333336,2004-09-01
Ankazobe,218,0.0011299666666666668,2004-09-01
Andramasina,208,0.0010781333333333334,2004-10-01
Antananarivo-Avaradrano,214,0.0011092333333333334,2004-10-01
Antananarivo-Atsimondrano,224,0.0011610666666666666,2004-10-01
Manjakandriana,204,0.0010574,2004-10-01
Ambohidratrimo,229,0.0011869833333333333,2004-10-01
Anjozorobe,233,0.0012077166666666667,2004-10-01
Ankazobe,203,0.0010522166666666667,2004-10-01
Andramasina,217,0.0011247833333333332,2004-11-01
Antananarivo-Avaradrano,242,0.0012543666666666668,2004-11-01
Antananarivo-Atsimondrano,228,0.0011818,2004-11-01
Manjakandriana,230,0.0011921666666666667,2004-11-01
Ambohidratrimo,236,0.0012232666666666667,2004-11-01
Anjozorobe,220,0.0011403333333333335,2004-11-01
Ankazobe,215,0.0011144166666666668,2004-11-01
Andramasina,229,0.0011869833333333333,2004-12-01
Antananarivo-Avaradrano,247,0.0012802833333333333,2004-12-01
Antananarivo-Atsimondrano,248,0.0012854666666666666,2004-12-01
Manjakandriana,231,0.0011973500000000002,2004-12-01
Ambohidratrimo,232,0.0012025333333333334,2004-12-01
Anjozorobe,251,0.0013010166666666666,2004-12-01
Ankazobe,245,0.0012699166666666668,2004-12-01
Andramasina,255,0.001294125,2005-01-01
Antananarivo-Avaradrano,245,0.001243375,2005-01-01
Antananarivo-Atsimondrano,240,0.001218,2005-01-01
Manjakandriana,255,0.001294125,2005-01-01
Ambohidratrimo,246,0.0012484500000000001,2005-01-01
Anjozorobe,247,0.0012535250000000001,2005-01-01
Ankazobe,274,0.00139055,2005-01-01
Andramasina,279,0.001415925,2005-02-01
Antananarivo-Avaradrano,270,0.00137025,2005-02-01
Antananarivo-Atsimondrano,286,0.00145145,2005-02-01
Manjakandriana,278,0.0014108500000000002,2005-02-01
Ambohidratrimo,262,0.0013296500000000001,2005-02-01
Anjozorobe,283,0.0014362250000000002,2005-02-01
Ankazobe,254,0.00128905,2005-02-01
Andramasina,254,0.00128905,2005-03-01
Antananarivo-Avaradrano,269,0.001365175,2005-03-01
Antananarivo-Atsimondrano,250,0.00126875,2005-03-01
Manjakandriana,266,0.0013499500000000002,2005-03-01
Ambohidratrimo,285,0.001446375,2005-03-01
Anjozorobe,290,0.00147175,2005-03-01
Ankazobe,255,0.001294125,2005-03-01
Andramasina,252,0.0012789000000000001,2005-04-01
Antananarivo-Avaradrano,273,0.0013854750000000002,2005-04-01
Antananarivo-Atsimondrano,258,0.0013093500000000001,2005-04-01
Manjakandriana,272,0.0013804000000000002,2005-04-01
Ambohidratrimo,269,0.001365175,2005-04-01
Anjozorobe,273,0.0013854750000000002,2005-04-01
Ankazobe,260,0.0013195,2005-04-01
Andramasina,256,0.0012992000000000001,2005-05-01
Antananarivo-Avaradrano,245,0.001243375,2005-05-01
Antananarivo-Atsimondrano,254,0.00128905,2005-05-01
Manjakandriana,267,0.0013550250000000002,2005-05-01
Ambohidratrimo,269,0.001365175,2005-05-01
Anjozorobe,266,0.0013499500000000002,2005-05-01
Ankazobe,250,0.00126875,2005-05-01
Andramasina,270,0.00137025,2005-06-01
Antananarivo-Avaradrano,259,0.001314425,2005-06-01
Antananarivo-Atsimondrano,234,0.0011875499999999999,2005-06-01
Manjakandriana,261,0.0013245750000000001,2005-06-01
Ambohidratrimo,239,0.001212925,2005-06-01
Anjozorobe,251,0.0012738250000000001,2005-06-01
Ankazobe,256,0.0012992000000000001,2005-06-01
Andramasina,292,0.0014819000000000002,2005-07-01
Antananarivo-Avaradrano,264,0.0013398,2005-07-01
Antananarivo-Atsimondrano,295,0.001497125,2005-07-01
Manjakandriana,298,0.0015123500000000002,2005-07-01
Ambohidratrimo,280,0.001421,2005-07-01
Anjozorobe,282,0.0014311500000000002,2005-07-01
Ankazobe,271,0.001375325,2005-07-01
Andramasina,238,0.0012078500000000001,2005-08-01
Antananarivo-Avaradrano,219,0.0011114249999999999,2005-08-01
Antananarivo-Atsimondrano,219,0.0011114249999999999,2005-08-01
Manjakandriana,244,0.0012383,2005-08-01
Ambohidratrimo,231,0.001172325,2005-08-01
Anjozorobe,242,0.0012281500000000001,2005-08-01
Ankazobe,218,0.00110635,2005-08-01
Andramasina,236,0.0011977000000000001,2005-09-01
Antananarivo-Avaradrano,220,0.0011165,2005-09-01
Antananarivo-Atsimondrano,217,0.001101275,2005-09-01
Manjakandriana,215,0.001091125,2005-09-01
Ambohidratrimo,221,0.001121575,2005-09-01
Anjozorobe,218,0.00110635,2005-09-01
Ankazobe,213,0.001080975,2005-09-01
Andramasina,239,0.001212925,2005-10-01
Antananarivo-Avaradrano,228,0.0011571,2005-10-01
Antananarivo-Atsimondrano,244,0.0012383,2005-10-01
Manjakandriana,226,0.00114695,2005-10-01
Ambohidratrimo,244,0.0012383,2005-10-01
Anjozorobe,213,0.001080975,2005-10-01
Ankazobe,243,0.0012332250000000001,2005-10-01
Andramasina,235,0.001192625,2005-11-01
Antananarivo-Avaradrano,240,0.001218,2005-11-01
Antananarivo-Atsimondrano,260,0.0013195,2005-11-01
Manjakandriana,223,0.001131725,2005-11-01
Ambohidratrimo,230,0.00116725,2005-11-01
Anjozorobe,230,0.00116725,2005-11-01
Ankazobe,239,0.001212925,2005-11-01
Andramasina,258,0.0013093500000000001,2005-12-01
Antananarivo-Avaradrano,270,0.00137025,2005-12-01
Antananarivo-Atsimondrano,262,0.0013296500000000001,2005-12-01
Manjakandriana,230,0.00116725,2005-12-01
Ambohidratrimo,267,0.0013550250000000002,2005-12-01
Anjozorobe,259,0.001314425,2005-12-01
Ankazobe,230,0.00116725,2005-12-01
Andramasina,256,0.0012906666666666667,2006-01-01
Antananarivo-Avaradrano,273,0.001376375,2006-01-01
Antananarivo-Atsimondrano,283,0.0014267916666666667,2006-01-01
Manjakandriana,270,0.00136125,2006-01-01
Ambohidratrimo,258,0.00130075,2006-01-01
Anjozorobe,290,0.0014620833333333335,2006-01-01
Ankazobe,284,0.0014318333333333336,2006-01-01
Andramasina,259,0.0013057916666666667,2006-02-01
Antananarivo-Avaradrano,257,0.0012957083333333334,2006-02-01
Antananarivo-Atsimondrano,281,0.0014167083333333334,2006-02-01
Manjakandriana,289,0.0014570416666666668,2006-02-01
Ambohidratrimo,263,0.0013259583333333335,2006-02-01
Anjozorobe,263,0.0013259583333333335,2006-02-01
Ankazobe,258,0.00130075,2006-02-01
Andramasina,262,0.0013209166666666666,2006-03-01
Antananarivo-Avaradrano,288,0.001452,2006-03-01
Antananarivo-Atsimondrano,266,0.0013410833333333335,2006-03-01
Manjakandriana,263,0.0013259583333333335,2006-03-01
Ambohidratrimo,275,0.0013864583333333335,2006-03-01
Anjozorobe,287,0.0014469583333333335,2006-03-01
Ankazobe,274,0.0013814166666666666,2006-03-01
Andramasina,279,0.001406625,2006-04-01
Antananarivo-Avaradrano,276,0.0013915,2006-04-01
Antananarivo-Atsimondrano,291,0.001467125,2006-04-01
Manjakandriana,266,0.0013410833333333335,2006-04-01
Ambohidratrimo,279,0.001406625,2006-04-01
Anjozorobe,258,0.00130075,2006-04-01
Ankazobe,288,0.001452,2006-04-01
Andramasina,256,0.0012906666666666667,2006-05-01
Antananarivo-Avaradrano,262,0.0013209166666666666,2006-05-01
Antananarivo-Atsimondrano,258,0.00130075,2006-05-01
Manjakandriana,268,0.0013511666666666667,2006-05-01
Ambohidratrimo,274,0.0013814166666666666,2006-05-01
Anjozorobe,267,0.001346125,2006-05-01
Ankazobe,251,0.0012654583333333335,2006-05-01
Andramasina,277,0.0013965416666666668,2006-06-01
Antananarivo-Avaradrano,277,0.0013965416666666668,2006-06-01
Antananarivo-Atsimondrano,246,0.00124025,2006-06-01
Manjakandriana,268,0.0013511666666666667,2006-06-01
Ambohidratrimo,266,0.0013410833333333335,2006-06-01
Anjozorobe,254,0.0012805833333333334,2006-06-01
Ankazobe,278,0.0014015833333333335,2006-06-01
Andramasina,301,0.0015175416666666668,2006-07-01
Antananarivo-Avaradrano,290,0.0014620833333333335,2006-07-01
Antananarivo-Atsimondrano,304,0.0015326666666666668,2006-07-01
Manjakandriana,270,0.00136125,2006-07-01
Ambohidratrimo,284,0.0014318333333333336,2006-07-01
Anjozorobe,294,0.00148225,2006-07-01
Ankazobe,276,0.0013915,2006-07-01
Andramasina,256,0.0012906666666666667,2006-08-01
Antananarivo-Avaradrano,252,0.0012705,2006-08-01
Antananarivo-Atsimondrano,225,0.001134375,2006-08-01
Manjakandriana,251,0.0012654583333333335,2006-08-01
Ambohidratrimo,256,0.0012906666666666667,2006-08-01
Anjozorobe,242,0.0012200833333333334,2006-08-01
Ankazobe,230,0.0011595833333333334,2006-08-01
Andramasina,234,0.00117975,2006-09-01
Antananarivo-Avaradrano,226,0.0011394166666666668,2006-09-01
Antananarivo-Atsimondrano,233,0.0011747083333333334,2006-09-01
Manjakandriana,233,0.0011747083333333334,2006-09-01
Ambohidratrimo,259,0.0013057916666666667,2006-09-01
Anjozorobe,227,0.0011444583333333335,2006-09-01
Ankazobe,233,0.0011747083333333334,2006-09-01
Andramasina,226,0.0011394166666666668,2006-10-01
Antananarivo-Avaradrano,258,0.00130075,2006-10-01
Antananarivo-Atsimondrano,251,0.0012654583333333335,2006-10-01
Manjakandriana,234,0.00117975,2006-10-01
Ambohidratrimo,247,0.0012452916666666667,2006-10-01
Anjozorobe,239,0.0012049583333333335,2006-10-01
Ankazobe,250,0.0012604166666666668,2006-10-01
Andramasina,236,0.0011898333333333335,2006-11-01
Antananarivo-Avaradrano,234,0.00117975,2006-11-01
Antananarivo-Atsimondrano,253,0.0012755416666666668,2006-11-01
Manjakandriana,268,0.0013511666666666667,2006-11-01
Ambohidratrimo,243,0.001225125,2006-11-01
Anjozorobe,264,0.001331,2006-11-01
Ankazobe,239,0.0012049583333333335,2006-11-01
Andramasina,267,0.001346125,2006-12-01
Antananarivo-Avaradrano,248,0.0012503333333333335,2006-12-01
Antananarivo-Atsimondrano,246,0.00124025,2006-12-01
Manjakandriana,269,0.0013562083333333334,2006-12-01
Ambohidratrimo,269,0.0013562083333333334,2006-12-01
Anjozorobe,272,0.0013713333333333336,2006-12-01
Ankazobe,265,0.0013360416666666668,2006-12-01
Andramasina,271,0.0013775833333333333,2007-01-01
Antananarivo-Avaradrano,279,0.00141825,2007-01-01
Antananarivo-Atsimondrano,262,0.0013318333333333333,2007-01-01
Manjakandriana,295,0.0014995833333333332,2007-01-01
Ambohidratrimo,284,0.0014436666666666664,2007-01-01
Anjozorobe,292,0.0014843333333333332,2007-01-01
Ankazobe,275,0.0013979166666666664,2007-01-01
Andramasina,307,0.0015605833333333333,2007-02-01
Antananarivo-Avaradrano,279,0.00141825,2007-02-01
Antananarivo-Atsimondrano,301,0.0015300833333333332,2007-02-01
Manjakandriana,301,0.0015300833333333332,2007-02-01
Ambohidratrimo,268,0.0013623333333333332,2007-02-01
Anjozorobe,269,0.0013674166666666665,2007-02-01
Ankazobe,283,0.0014385833333333332,2007-02-01
Andramasina,290,0.0014741666666666666,2007-03-01
Antananarivo-Avaradrano,303,0.00154025,2007-03-01
Antananarivo-Atsimondrano,285,0.00144875,2007-03-01
Manjakandriana,297,0.00150975,2007-03-01
Ambohidratrimo,283,0.0014385833333333332,2007-03-01
Anjozorobe,294,0.0014945,2007-03-01
Ankazobe,292,0.0014843333333333332,2007-03-01
Andramasina,270,0.0013725,2007-04-01
Antananarivo-Avaradrano,277,0.0014080833333333332,2007-04-01
Antananarivo-Atsimondrano,307,0.0015605833333333333,2007-04-01
Manjakandriana,304,0.0015453333333333332,2007-04-01
Ambohidratrimo,304,0.0015453333333333332,2007-04-01
Anjozorobe,275,0.0013979166666666664,2007-04-01
Ankazobe,307,0.0015605833333333333,2007-04-01
Andramasina,286,0.0014538333333333332,2007-05-01
Antananarivo-Avaradrano,273,0.00138775,2007-05-01
Antananarivo-Atsimondrano,266,0.0013521666666666664,2007-05-01
Manjakandriana,264,0.001342,2007-05-01
Ambohidratrimo,292,0.0014843333333333332,2007-05-01
Anjozorobe,279,0.00141825,2007-05-01
Ankazobe,296,0.0015046666666666665,2007-05-01
Andramasina,257,0.0013064166666666664,2007-06-01
Antananarivo-Avaradrano,287,0.0014589166666666665,2007-06-01
Antananarivo-Atsimondrano,257,0.0013064166666666664,2007-06-01
Manjakandriana,278,0.0014131666666666665,2007-06-01
Ambohidratrimo,288,0.001464,2007-06-01
Anjozorobe,275,0.0013979166666666664,2007-06-01
Ankazobe,261,0.00132675,2007-06-01
Andramasina,281,0.0014284166666666666,2007-07-01
Antananarivo-Avaradrano,285,0.00144875,2007-07-01
Antananarivo-Atsimondrano,297,0.00150975,2007-07-01
Manjakandriana,295,0.0014995833333333332,2007-07-01
Ambohidratrimo,308,0.0015656666666666666,2007-07-01
Anjozorobe,290,0.0014741666666666666,2007-07-01
Ankazobe,326,0.0016571666666666666,2007-07-01
Andramasina,263,0.0013369166666666666,2007-08-01
Antananarivo-Avaradrano,248,0.0012606666666666664,2007-08-01
Antananarivo-Atsimondrano,252,0.001281,2007-08-01
Manjakandriana,237,0.00120475,2007-08-01
Ambohidratrimo,262,0.0013318333333333333,2007-08-01
Anjozorobe,241,0.0012250833333333332,2007-08-01
Ankazobe,250,0.0012708333333333332,2007-08-01
Andramasina,248,0.0012606666666666664,2007-09-01
Antananarivo-Avaradrano,239,0.0012149166666666664,2007-09-01
Antananarivo-Atsimondrano,255,0.00129625,2007-09-01
Manjakandriana,251,0.0012759166666666665,2007-09-01
Ambohidratrimo,270,0.0013725,2007-09-01
Anjozorobe,252,0.001281,2007-09-01
Ankazobe,248,0.0012606666666666664,2007-09-01
Andramasina,245,0.0012454166666666666,2007-10-01
Antananarivo-Avaradrano,263,0.0013369166666666666,2007-10-01
Antananarivo-Atsimondrano,268,0.0013623333333333332,2007-10-01
Manjakandriana,249,0.00126575,2007-10-01
Ambohidratrimo,247,0.0012555833333333332,2007-10-01
Anjozorobe,243,0.00123525,2007-10-01
Ankazobe,269,0.0013674166666666665,2007-10-01
Andramasina,246,0.0012505,2007-11-01
Antananarivo-Avaradrano,252,0.001281,2007-11-01
Antananarivo-Atsimondrano,249,0.00126575,2007-11-01
Manjakandriana,247,0.0012555833333333332,2007-11-01
Ambohidratrimo,244,0.0012403333333333333,2007-11-01
Anjozorobe,264,0.001342,2007-11-01
Ankazobe,262,0.0013318333333333333,2007-11-01
Andramasina,255,0.00129625,2007-12-01
Antananarivo-Avaradrano,281,0.0014284166666666666,2007-12-01
Antananarivo-Atsimondrano,274,0.0013928333333333332,2007-12-01
Manjakandriana,250,0.0012708333333333332,2007-12-01
Ambohidratrimo,278,0.0014131666666666665,2007-12-01
Anjozorobe,251,0.0012759166666666665,2007-12-01
Ankazobe,253,0.0012860833333333333,2007-12-01
Andramasina,272,0.0014030666666666667,2008-01-01
Antananarivo-Avaradrano,282,0.0014546499999999998,2008-01-01
Antananarivo-Atsimondrano,281,0.0014494916666666665,2008-01-01
Manjakandriana,310,0.0015990833333333332,2008-01-01
Ambohidratrimo,294,0.00151655,2008-01-01
Anjozorobe,305,0.0015732916666666668,2008-01-01
Ankazobe,295,0.0015217083333333332,2008-01-01
Andramasina,312,0.0016093999999999998,2008-02-01
Antananarivo-Avaradrano,315,0.001624875,2008-02-01
Antananarivo-Atsimondrano,311,0.0016042416666666665,2008-02-01
Manjakandriana,294,0.00151655,2008-02-01
Ambohidratrimo,310,0.0015990833333333332,2008-02-01
Anjozorobe,299,0.0015423416666666668,2008-02-01
Ankazobe,304,0.0015681333333333331,2008-02-01
Andramasina,281,0.0014494916666666665,2008-03-01
Antananarivo-Avaradrano,294,0.00151655,2008-03-01
Antananarivo-Atsimondrano,296,0.0015268666666666665,2008-03-01
Manjakandriana,285,0.001470125,2008-03-01
Ambohidratrimo,296,0.0015268666666666665,2008-03-01
Anjozorobe,294,0.00151655,2008-03-01
Ankazobe,303,0.0015629749999999999,2008-03-01
Andramasina,313,0.0016145583333333335,2008-04-01
Antananarivo-Avaradrano,293,0.0015113916666666667,2008-04-01
Antananarivo-Atsimondrano,288,0.0014856,2008-04-01
Manjakandriana,316,0.0016300333333333333,2008-04-01
Ambohidratrimo,292,0.0015062333333333334,2008-04-01
Anjozorobe,278,0.0014340166666666667,2008-04-01
Ankazobe,314,0.0016197166666666667,2008-04-01
Andramasina,286,0.0014752833333333334,2008-05-01
Antananarivo-Avaradrano,279,0.001439175,2008-05-01
Antananarivo-Atsimondrano,310,0.0015990833333333332,2008-05-01
Manjakandriana,293,0.0015113916666666667,2008-05-01
Ambohidratrimo,303,0.0015629749999999999,2008-05-01
Anjozorobe,304,0.0015681333333333331,2008-05-01
Ankazobe,308,0.0015887666666666667,2008-05-01
Andramasina,266,0.0013721166666666666,2008-06-01
Antananarivo-Avaradrano,300,0.0015475,2008-06-01
Antananarivo-Atsimondrano,288,0.0014856,2008-06-01
Manjakandriana,295,0.0015217083333333332,2008-06-01
Ambohidratrimo,287,0.0014804416666666666,2008-06-01
Anjozorobe,266,0.0013721166666666666,2008-06-01
Ankazobe,265,0.0013669583333333333,2008-06-01
Andramasina,302,0.0015578166666666666,2008-07-01
Antananarivo-Avaradrano,287,0.0014804416666666666,2008-07-01
Antananarivo-Atsimondrano,324,0.0016713,2008-07-01
Manjakandriana,315,0.001624875,2008-07-01
Ambohidratrimo,312,0.0016093999999999998,2008-07-01
Anjozorobe,288,0.0014856,2008-07-01
Ankazobe,316,0.0016300333333333333,2008-07-01
Andramasina,282,0.0014546499999999998,2008-08-01
Antananarivo-Avaradrano,250,0.0012895833333333333,2008-08-01
Antananarivo-Atsimondrano,273,0.001408225,2008-08-01
Manjakandriana,251,0.0012947416666666666,2008-08-01
Ambohidratrimo,254,0.0013102166666666666,2008-08-01
Anjozorobe,248,0.0012792666666666666,2008-08-01
Ankazobe,267,0.0013772749999999999,2008-08-01
Andramasina,244,0.0012586333333333333,2008-09-01
Antananarivo-Avaradrano,266,0.0013721166666666666,2008-09-01
Antananarivo-Atsimondrano,255,0.001315375,2008-09-01
Manjakandriana,276,0.0014237,2008-09-01
Ambohidratrimo,244,0.0012586333333333333,2008-09-01
Anjozorobe,280,0.0014443333333333333,2008-09-01
Ankazobe,278,0.0014340166666666667,2008-09-01
Andramasina,276,0.0014237,2008-10-01
Antananarivo-Avaradrano,258,0.00133085,2008-10-01
Antananarivo-Atsimondrano,273,0.001408225,2008-10-01
Manjakandriana,256,0.0013205333333333334,2008-10-01
Ambohidratrimo,259,0.0013360083333333332,2008-10-01
Anjozorobe,267,0.0013772749999999999,2008-10-01
Ankazobe,278,0.0014340166666666667,2008-10-01
Andramasina,286,0.0014752833333333334,2008-11-01
Antananarivo-Avaradrano,256,0.0013205333333333334,2008-11-01
Antananarivo-Atsimondrano,279,0.001439175,2008-11-01
Manjakandriana,277,0.0014288583333333335,2008-11-01
Ambohidratrimo,252,0.0012998999999999999,2008-11-01
Anjozorobe,262,0.0013514833333333333,2008-11-01
Ankazobe,279,0.001439175,2008-11-01
Andramasina,294,0.00151655,2008-12-01
Antananarivo-Avaradrano,284,0.0014649666666666668,2008-12-01
Antananarivo-Atsimondrano,299,0.0015423416666666668,2008-12-01
Manjakandriana,277,0.0014288583333333335,2008-12-01
Ambohidratrimo,274,0.0014133833333333332,2008-12-01
Anjozorobe,265,0.0013669583333333333,2008-12-01
Ankazobe,286,0.0014752833333333334,2008-12-01
Andramasina,311,0.0015446333333333335,2009-01-01
Antananarivo-Avaradrano,296,0.0014701333333333334,2009-01-01
Antananarivo-Atsimondrano,282,0.0014006000000000001,2009-01-01
Manjakandriana,312,0.0015496000000000002,2009-01-01
Ambohidratrimo,310,0.0015396666666666668,2009-01-01
Anjozorobe,293,0.0014552333333333334,2009-01-01
Ankazobe,282,0.0014006000000000001,2009-01-01
Andramasina,308,0.0015297333333333333,2009-02-01
Antananarivo-Avaradrano,309,0.0015347,2009-02-01
Antananarivo-Atsimondrano,287,0.0014254333333333334,2009-02-01
Manjakandriana,319,0.0015843666666666668,2009-02-01
Ambohidratrimo,297,0.0014751000000000002,2009-02-01
Anjozorobe,319,0.0015843666666666668,2009-02-01
Ankazobe,307,0.0015247666666666666,2009-02-01
Andramasina,319,0.0015843666666666668,2009-03-01
Antananarivo-Avaradrano,310,0.0015396666666666668,2009-03-01
Antananarivo-Atsimondrano,316,0.0015694666666666668,2009-03-01
Manjakandriana,322,0.0015992666666666665,2009-03-01
Ambohidratrimo,295,0.0014651666666666667,2009-03-01
Anjozorobe,296,0.0014701333333333334,2009-03-01
Ankazobe,318,0.0015794000000000001,2009-03-01
Andramasina,291,0.0014453,2009-04-01
Antananarivo-Avaradrano,316,0.0015694666666666668,2009-04-01
Antananarivo-Atsimondrano,322,0.0015992666666666665,2009-04-01
Manjakandriana,299,0.0014850333333333333,2009-04-01
Ambohidratrimo,323,0.0016042333333333334,2009-04-01
Anjozorobe,326,0.0016191333333333334,2009-04-01
Ankazobe,323,0.0016042333333333334,2009-04-01
Andramasina,316,0.0015694666666666668,2009-05-01
Antananarivo-Avaradrano,305,0.0015148333333333333,2009-05-01
Antananarivo-Atsimondrano,280,0.0013906666666666668,2009-05-01
Manjakandriana,297,0.0014751000000000002,2009-05-01
Ambohidratrimo,314,0.0015595333333333333,2009-05-01
Anjozorobe,288,0.0014304,2009-05-01
Ankazobe,317,0.0015744333333333335,2009-05-01
Andramasina,304,0.0015098666666666669,2009-06-01
Antananarivo-Avaradrano,309,0.0015347,2009-06-01
Antananarivo-Atsimondrano,282,0.0014006000000000001,2009-06-01
Manjakandriana,303,0.0015049,2009-06-01
Ambohidratrimo,279,0.0013857000000000001,2009-06-01
Anjozorobe,309,0.0015347,2009-06-01
Ankazobe,307,0.0015247666666666666,2009-06-01
Andramasina,340,0.0016886666666666667,2009-07-01
Antananarivo-Avaradrano,297,0.0014751000000000002,2009-07-01
Antananarivo-Atsimondrano,306,0.0015198,2009-07-01
Manjakandriana,324,0.0016092,2009-07-01
Ambohidratrimo,303,0.0015049,2009-07-01
Anjozorobe,312,0.0015496000000000002,2009-07-01
Ankazobe,309,0.0015347,2009-07-01
Andramasina,261,0.0012963,2009-08-01
Antananarivo-Avaradrano,282,0.0014006000000000001,2009-08-01
Antananarivo-Atsimondrano,252,0.0012516,2009-08-01
Manjakandriana,260,0.0012913333333333334,2009-08-01
Ambohidratrimo,255,0.0012665,2009-08-01
Anjozorobe,292,0.0014502666666666667,2009-08-01
Ankazobe,271,0.0013459666666666666,2009-08-01
Andramasina,268,0.0013310666666666666,2009-09-01
Antananarivo-Avaradrano,271,0.0013459666666666666,2009-09-01
Antananarivo-Atsimondrano,255,0.0012665,2009-09-01
Manjakandriana,277,0.0013757666666666666,2009-09-01
Ambohidratrimo,251,0.0012466333333333334,2009-09-01
Anjozorobe,258,0.0012814,2009-09-01
Ankazobe,273,0.0013559000000000002,2009-09-01
Andramasina,256,0.0012714666666666667,2009-10-01
Antananarivo-Avaradrano,291,0.0014453,2009-10-01
Antananarivo-Atsimondrano,262,0.0013012666666666667,2009-10-01
Manjakandriana,292,0.0014502666666666667,2009-10-01
Ambohidratrimo,259,0.0012863666666666667,2009-10-01
Anjozorobe,276,0.0013708,2009-10-01
Ankazobe,278,0.0013807333333333332,2009-10-01
Andramasina,292,0.0014502666666666667,2009-11-01
Antananarivo-Avaradrano,263,0.0013062333333333333,2009-11-01
Antananarivo-Atsimondrano,287,0.0014254333333333334,2009-11-01
Manjakandriana,297,0.0014751000000000002,2009-11-01
Ambohidratrimo,278,0.0013807333333333332,2009-11-01
Anjozorobe,279,0.0013857000000000001,2009-11-01
Ankazobe,267,0.0013261000000000002,2009-11-01
Andramasina,270,0.001341,2009-12-01
Antananarivo-Avaradrano,304,0.0015098666666666669,2009-12-01
Antananarivo-Atsimondrano,286,0.0014204666666666668,2009-12-01
Manjakandriana,293,0.0014552333333333334,2009-12-01
Ambohidratrimo,302,0.0014999333333333333,2009-12-01
Anjozorobe,302,0.0014999333333333333,2009-12-01
Ankazobe,283,0.0014055666666666666,2009-12-01
Andramasina,309,0.00160165,2010-01-01
Antananarivo-Avaradrano,323,0.0016742166666666666,2010-01-01
Antananarivo-Atsimondrano,319,0.0016534833333333335,2010-01-01
Manjakandriana,291,0.00150835,2010-01-01
Ambohidratrimo,316,0.0016379333333333334,2010-01-01
Anjozorobe,328,0.0017001333333333335,2010-01-01
Ankazobe,290,0.0015031666666666668,2010-01-01
Andramasina,326,0.0016897666666666666,2010-02-01
Antananarivo-Avaradrano,310,0.0016068333333333334,2010-02-01
Antananarivo-Atsimondrano,337,0.0017467833333333334,2010-02-01
Manjakandriana,331,0.0017156833333333333,2010-02-01
Ambohidratrimo,309,0.00160165,2010-02-01
Anjozorobe,314,0.0016275666666666667,2010-02-01
Ankazobe,320,0.0016586666666666668,2010-02-01
Andramasina,325,0.0016845833333333335,2010-03-01
Antananarivo-Avaradrano,331,0.0017156833333333333,2010-03-01
Antananarivo-Atsimondrano,313,0.0016223833333333334,2010-03-01
Manjakandriana,336,0.0017416,2010-03-01
Ambohidratrimo,308,0.0015964666666666667,2010-03-01
Anjozorobe,322,0.0016690333333333333,2010-03-01
Ankazobe,337,0.0017467833333333334,2010-03-01
Andramasina,319,0.0016534833333333335,2010-04-01
Antananarivo-Avaradrano,318,0.0016483000000000001,2010-04-01
Antananarivo-Atsimondrano,302,0.0015653666666666669,2010-04-01
Manjakandriana,302,0.0015653666666666669,2010-04-01
Ambohidratrimo,336,0.0017416,2010-04-01
Anjozorobe,300,0.001555,2010-04-01
Ankazobe,332,0.0017208666666666667,2010-04-01
Andramasina,324,0.0016794000000000002,2010-05-01
Antananarivo-Avaradrano,311,0.0016120166666666667,2010-05-01
Antananarivo-Atsimondrano,318,0.0016483000000000001,2010-05-01
Manjakandriana,291,0.00150835,2010-05-01
Ambohidratrimo,329,0.0017053166666666669,2010-05-01
Anjozorobe,313,0.0016223833333333334,2010-05-01
Ankazobe,309,0.00160165,2010-05-01
Andramasina,286,0.0014824333333333334,2010-06-01
Antananarivo-Avaradrano,320,0.0016586666666666668,2010-06-01
Antananarivo-Atsimondrano,286,0.0014824333333333334,2010-06-01
Manjakandriana,286,0.0014824333333333334,2010-06-01
Ambohidratrimo,281,0.0014565166666666667,2010-06-01
Anjozorobe,301,0.0015601833333333333,2010-06-01
Ankazobe,282,0.0014617,2010-06-01
Andramasina,343,0.0017778833333333334,2010-07-01
Antananarivo-Avaradrano,347,0.0017986166666666668,2010-07-01
Antananarivo-Atsimondrano,332,0.0017208666666666667,2010-07-01
Manjakandriana,333,0.0017260500000000002,2010-07-01
Ambohidratrimo,350,0.0018141666666666668,2010-07-01
Anjozorobe,357,0.00185045,2010-07-01
Ankazobe,305,0.0015809166666666667,2010-07-01
Andramasina,262,0.0013580333333333334,2010-08-01
Antananarivo-Avaradrano,293,0.0015187166666666668,2010-08-01
Antananarivo-Atsimondrano,262,0.0013580333333333334,2010-08-01
Manjakandriana,264,0.0013684,2010-08-01
Ambohidratrimo,291,0.00150835,2010-08-01
Anjozorobe,291,0.00150835,2010-08-01
Ankazobe,277,0.0014357833333333333,2010-08-01
Andramasina,289,0.0014979833333333334,2010-09-01
Antananarivo-Avaradrano,274,0.0014202333333333333,2010-09-01
Antananarivo-Atsimondrano,281,0.0014565166666666667,2010-09-01
Manjakandriana,287,0.0014876166666666667,2010-09-01
Ambohidratrimo,263,0.0013632166666666667,2010-09-01
Anjozorobe,268,0.0013891333333333335,2010-09-01
Ankazobe,277,0.0014357833333333333,2010-09-01
Andramasina,284,0.001472066666666667,2010-10-01
Antananarivo-Avaradrano,280,0.0014513333333333336,2010-10-01
Antananarivo-Atsimondrano,299,0.0015498166666666668,2010-10-01
Manjakandriana,290,0.0015031666666666668,2010-10-01
Ambohidratrimo,298,0.0015446333333333335,2010-10-01
Anjozorobe,272,0.0014098666666666668,2010-10-01
Ankazobe,284,0.001472066666666667,2010-10-01
Andramasina,296,0.0015342666666666666,2010-11-01
Antananarivo-Avaradrano,279,0.00144615,2010-11-01
Antananarivo-Atsimondrano,287,0.0014876166666666667,2010-11-01
Manjakandriana,276,0.0014306000000000002,2010-11-01
Ambohidratrimo,301,0.0015601833333333333,2010-11-01
Anjozorobe,293,0.0015187166666666668,2010-11-01
Ankazobe,300,0.001555,2010-11-01
Andramasina,310,0.0016068333333333334,2010-12-01
Antananarivo-Avaradrano,299,0.0015498166666666668,2010-12-01
Antananarivo-Atsimondrano,300,0.001555,2010-12-01
Manjakandriana,284,0.001472066666666667,2010-12-01
Ambohidratrimo,295,0.0015290833333333335,2010-12-01
Anjozorobe,286,0.0014824333333333334,2010-12-01
Ankazobe,298,0.0015446333333333335,2010-12-01
Andramasina,306,0.00155295,2011-01-01
Antananarivo-Avaradrano,340,0.0017255,2011-01-01
Antananarivo-Atsimondrano,312,0.0015834,2011-01-01
Manjakandriana,337,0.001710275,2011-01-01
Ambohidratrimo,307,0.001558025,2011-01-01
Anjozorobe,305,0.001547875,2011-01-01
Ankazobe,338,0.00171535,2011-01-01
Andramasina,342,0.00173565,2011-02-01
Antananarivo-Avaradrano,328,0.0016646000000000002,2011-02-01
Antananarivo-Atsimondrano,331,0.001679825,2011-02-01
Manjakandriana,332,0.0016849,2011-02-01
Ambohidratrimo,323,0.0016392250000000002,2011-02-01
Anjozorobe,309,0.001568175,2011-02-01
Ankazobe,345,0.001750875,2011-02-01
Andramasina,334,0.00169505,2011-03-01
Antananarivo-Avaradrano,338,0.00171535,2011-03-01
Antananarivo-Atsimondrano,339,0.001720425,2011-03-01
Manjakandriana,320,0.001624,2011-03-01
Ambohidratrimo,350,0.00177625,2011-03-01
Anjozorobe,318,0.0016138500000000002,2011-03-01
Ankazobe,310,0.00157325,2011-03-01
Andramasina,332,0.0016849,2011-04-01
Antananarivo-Avaradrano,309,0.001568175,2011-04-01
Antananarivo-Atsimondrano,318,0.0016138500000000002,2011-04-01
Manjakandriana,324,0.0016443,2011-04-01
Ambohidratrimo,322,0.00163415,2011-04-01
Anjozorobe,343,0.001740725,2011-04-01
Ankazobe,325,0.001649375,2011-04-01
Andramasina,330,0.00167475,2011-05-01
Antananarivo-Avaradrano,317,0.001608775,2011-05-01
Antananarivo-Atsimondrano,334,0.00169505,2011-05-01
Manjakandriana,313,0.0015884750000000002,2011-05-01
Ambohidratrimo,334,0.00169505,2011-05-01
Anjozorobe,332,0.0016849,2011-05-01
Ankazobe,328,0.0016646000000000002,2011-05-01
Andramasina,301,0.001527575,2011-06-01
Antananarivo-Avaradrano,314,0.00159355,2011-06-01
Antananarivo-Atsimondrano,311,0.001578325,2011-06-01
Manjakandriana,308,0.0015631000000000002,2011-06-01
Ambohidratrimo,305,0.001547875,2011-06-01
Anjozorobe,320,0.001624,2011-06-01
Ankazobe,314,0.00159355,2011-06-01
Andramasina,323,0.0016392250000000002,2011-07-01
Antananarivo-Avaradrano,338,0.00171535,2011-07-01
Antananarivo-Atsimondrano,341,0.001730575,2011-07-01
Manjakandriana,357,0.001811775,2011-07-01
Ambohidratrimo,362,0.00183715,2011-07-01
Anjozorobe,323,0.0016392250000000002,2011-07-01
Ankazobe,361,0.001832075,2011-07-01
Andramasina,276,0.0014007,2011-08-01
Antananarivo-Avaradrano,305,0.001547875,2011-08-01
Antananarivo-Atsimondrano,289,0.001466675,2011-08-01
Manjakandriana,289,0.001466675,2011-08-01
Ambohidratrimo,282,0.0014311500000000002,2011-08-01
Anjozorobe,295,0.001497125,2011-08-01
Ankazobe,311,0.001578325,2011-08-01
Andramasina,310,0.00157325,2011-09-01
Antananarivo-Avaradrano,307,0.001558025,2011-09-01
Antananarivo-Atsimondrano,292,0.0014819000000000002,2011-09-01
Manjakandriana,277,0.0014057750000000002,2011-09-01
Ambohidratrimo,278,0.0014108500000000002,2011-09-01
Anjozorobe,289,0.001466675,2011-09-01
Ankazobe,305,0.001547875,2011-09-01
Andramasina,302,0.00153265,2011-10-01
Antananarivo-Avaradrano,295,0.001497125,2011-10-01
Antananarivo-Atsimondrano,302,0.00153265,2011-10-01
Manjakandriana,274,0.00139055,2011-10-01
Ambohidratrimo,289,0.001466675,2011-10-01
Anjozorobe,301,0.001527575,2011-10-01
Ankazobe,294,0.00149205,2011-10-01
Andramasina,305,0.001547875,2011-11-01
Antananarivo-Avaradrano,312,0.0015834,2011-11-01
Antananarivo-Atsimondrano,289,0.001466675,2011-11-01
Manjakandriana,300,0.0015225,2011-11-01
Ambohidratrimo,317,0.001608775,2011-11-01
Anjozorobe,313,0.0015884750000000002,2011-11-01
Ankazobe,313,0.0015884750000000002,2011-11-01
Andramasina,314,0.00159355,2011-12-01
Antananarivo-Avaradrano,293,0.0014869750000000002,2011-12-01
Antananarivo-Atsimondrano,307,0.001558025,2011-12-01
Manjakandriana,321,0.001629075,2011-12-01
Ambohidratrimo,325,0.001649375,2011-12-01
Anjozorobe,310,0.00157325,2011-12-01
Ankazobe,320,0.001624,2011-12-01
Andramasina,334,0.0020930666666666665,2012-01-01
Antananarivo-Avaradrano,333,0.0020868,2012-01-01
Antananarivo-Atsimondrano,331,0.0020742666666666663,2012-01-01
Manjakandriana,316,0.001980266666666667,2012-01-01
Ambohidratrimo,332,0.0020805333333333335,2012-01-01
Anjozorobe,327,0.0020491999999999997,2012-01-01
Ankazobe,336,0.0021056,2012-01-01
Andramasina,340,0.0021306666666666666,2012-02-01
Antananarivo-Avaradrano,347,0.0021745333333333334,2012-02-01
Antananarivo-Atsimondrano,319,0.0019990666666666666,2012-02-01
Manjakandriana,337,0.0021118666666666668,2012-02-01
Ambohidratrimo,354,0.0022184,2012-02-01
Anjozorobe,349,0.0021870666666666664,2012-02-01
Ankazobe,353,0.0022121333333333334,2012-02-01
Andramasina,334,0.0020930666666666665,2012-03-01
Antananarivo-Avaradrano,335,0.0020993333333333337,2012-03-01
Antananarivo-Atsimondrano,323,0.002024133333333333,2012-03-01
Manjakandriana,336,0.0021056,2012-03-01
Ambohidratrimo,328,0.002055466666666667,2012-03-01
Anjozorobe,350,0.0021933333333333336,2012-03-01
Ankazobe,344,0.002155733333333333,2012-03-01
Andramasina,335,0.0020993333333333337,2012-04-01
Antananarivo-Avaradrano,329,0.002061733333333333,2012-04-01
Antananarivo-Atsimondrano,340,0.0021306666666666666,2012-04-01
Manjakandriana,318,0.0019928,2012-04-01
Ambohidratrimo,344,0.002155733333333333,2012-04-01
Anjozorobe,351,0.0021996,2012-04-01
Ankazobe,354,0.0022184,2012-04-01
Andramasina,334,0.0020930666666666665,2012-05-01
Antananarivo-Avaradrano,311,0.0019489333333333333,2012-05-01
Antananarivo-Atsimondrano,322,0.0020178666666666664,2012-05-01
Manjakandriana,336,0.0021056,2012-05-01
Ambohidratrimo,347,0.0021745333333333334,2012-05-01
Anjozorobe,346,0.0021682666666666666,2012-05-01
Ankazobe,333,0.0020868,2012-05-01
Andramasina,314,0.0019677333333333333,2012-06-01
Antananarivo-Avaradrano,337,0.0021118666666666668,2012-06-01
Antananarivo-Atsimondrano,326,0.0020429333333333334,2012-06-01
Manjakandriana,338,0.002118133333333333,2012-06-01
Ambohidratrimo,338,0.002118133333333333,2012-06-01
Anjozorobe,326,0.0020429333333333334,2012-06-01
Ankazobe,301,0.0018862666666666667,2012-06-01
Andramasina,362,0.0022685333333333333,2012-07-01
Antananarivo-Avaradrano,347,0.0021745333333333334,2012-07-01
Antananarivo-Atsimondrano,359,0.002249733333333333,2012-07-01
Manjakandriana,347,0.0021745333333333334,2012-07-01
Ambohidratrimo,336,0.0021056,2012-07-01
Anjozorobe,333,0.0020868,2012-07-01
Ankazobe,363,0.0022748,2012-07-01
Andramasina,298,0.0018674666666666667,2012-08-01
Antananarivo-Avaradrano,319,0.0019990666666666666,2012-08-01
Antananarivo-Atsimondrano,316,0.001980266666666667,2012-08-01
Manjakandriana,306,0.0019176,2012-08-01
Ambohidratrimo,302,0.0018925333333333332,2012-08-01
Anjozorobe,296,0.0018549333333333334,2012-08-01
Ankazobe,302,0.0018925333333333332,2012-08-01
Andramasina,283,0.0017734666666666668,2012-09-01
Antananarivo-Avaradrano,306,0.0019176,2012-09-01
Antananarivo-Atsimondrano,290,0.0018173333333333333,2012-09-01
Manjakandriana,297,0.0018612000000000001,2012-09-01
Ambohidratrimo,312,0.0019552000000000003,2012-09-01
Anjozorobe,312,0.0019552000000000003,2012-09-01
Ankazobe,285,0.001786,2012-09-01
Andramasina,312,0.0019552000000000003,2012-10-01
Antananarivo-Avaradrano,305,0.0019113333333333332,2012-10-01
Antananarivo-Atsimondrano,285,0.001786,2012-10-01
Manjakandriana,286,0.0017922666666666666,2012-10-01
Ambohidratrimo,288,0.0018047999999999999,2012-10-01
Anjozorobe,290,0.0018173333333333333,2012-10-01
Ankazobe,309,0.0019364,2012-10-01
Andramasina,291,0.0018235999999999999,2012-11-01
Antananarivo-Avaradrano,317,0.001986533333333333,2012-11-01
Antananarivo-Atsimondrano,316,0.001980266666666667,2012-11-01
Manjakandriana,326,0.0020429333333333334,2012-11-01
Ambohidratrimo,328,0.002055466666666667,2012-11-01
Anjozorobe,294,0.0018424000000000001,2012-11-01
Ankazobe,290,0.0018173333333333333,2012-11-01
Andramasina,305,0.0019113333333333332,2012-12-01
Antananarivo-Avaradrano,323,0.002024133333333333,2012-12-01
Antananarivo-Atsimondrano,310,0.0019426666666666668,2012-12-01
Manjakandriana,309,0.0019364,2012-12-01
Ambohidratrimo,311,0.0019489333333333333,2012-12-01
Anjozorobe,313,0.0019614666666666666,2012-12-01
Ankazobe,312,0.0019552000000000003,2012-12-01
Andramasina,343,0.002272375,2013-01-01
Antananarivo-Avaradrano,332,0.0021995,2013-01-01
Antananarivo-Atsimondrano,359,0.002378375,2013-01-01
Manjakandriana,328,0.002173,2013-01-01
Ambohidratrimo,354,0.00234525,2013-01-01
Anjozorobe,346,0.00229225,2013-01-01
Ankazobe,357,0.002365125,2013-01-01
Andramasina,342,0.00226575,2013-02-01
Antananarivo-Avaradrano,332,0.0021995,2013-02-01
Antananarivo-Atsimondrano,342,0.00226575,2013-02-01
Manjakandriana,334,0.00221275,2013-02-01
Ambohidratrimo,367,0.002431375,2013-02-01
Anjozorobe,327,0.002166375,2013-02-01
Ankazobe,361,0.002391625,2013-02-01
Andramasina,353,0.002338625,2013-03-01
Antananarivo-Avaradrano,335,0.002219375,2013-03-01
Antananarivo-Atsimondrano,356,0.0023585,2013-03-01
Manjakandriana,364,0.0024115,2013-03-01
Ambohidratrimo,335,0.002219375,2013-03-01
Anjozorobe,357,0.002365125,2013-03-01
Ankazobe,333,0.002206125,2013-03-01
Andramasina,336,0.002226,2013-04-01
Antananarivo-Avaradrano,360,0.002385,2013-04-01
Antananarivo-Atsimondrano,340,0.0022525,2013-04-01
Manjakandriana,330,0.00218625,2013-04-01
Ambohidratrimo,337,0.002232625,2013-04-01
Anjozorobe,366,0.00242475,2013-04-01
Ankazobe,331,0.002192875,2013-04-01
Andramasina,330,0.00218625,2013-05-01
Antananarivo-Avaradrano,344,0.002279,2013-05-01
Antananarivo-Atsimondrano,334,0.00221275,2013-05-01
Manjakandriana,336,0.002226,2013-05-01
Ambohidratrimo,354,0.00234525,2013-05-01
Anjozorobe,351,0.002325375,2013-05-01
Ankazobe,354,0.00234525,2013-05-01
Andramasina,310,0.00205375,2013-06-01
Antananarivo-Avaradrano,316,0.0020935,2013-06-01
Antananarivo-Atsimondrano,341,0.002259125,2013-06-01
Manjakandriana,323,0.002139875,2013-06-01
Ambohidratrimo,328,0.002173,2013-06-01
Anjozorobe,311,0.002060375,2013-06-01
Ankazobe,341,0.002259125,2013-06-01
Andramasina,345,0.002285625,2013-07-01
Antananarivo-Avaradrano,356,0.0023585,2013-07-01
Antananarivo-Atsimondrano,377,0.002497625,2013-07-01
Manjakandriana,356,0.0023585,2013-07-01
Ambohidratrimo,338,0.00223925,2013-07-01
Anjozorobe,334,0.00221275,2013-07-01
Ankazobe,361,0.002391625,2013-07-01
Andramasina,299,0.001980875,2013-08-01
Antananarivo-Avaradrano,327,0.002166375,2013-08-01
Antananarivo-Atsimondrano,309,0.002047125,2013-08-01
Manjakandriana,331,0.002192875,2013-08-01
Ambohidratrimo,314,0.00208025,2013-08-01
Anjozorobe,318,0.00210675,2013-08-01
Ankazobe,329,0.002179625,2013-08-01
Andramasina,291,0.001927875,2013-09-01
Antananarivo-Avaradrano,327,0.002166375,2013-09-01
Antananarivo-Atsimondrano,308,0.0020405,2013-09-01
Manjakandriana,315,0.002086875,2013-09-01
Ambohidratrimo,298,0.00197425,2013-09-01
Anjozorobe,298,0.00197425,2013-09-01
Ankazobe,310,0.00205375,2013-09-01
Andramasina,303,0.002007375,2013-10-01
Antananarivo-Avaradrano,328,0.002173,2013-10-01
Antananarivo-Atsimondrano,300,0.0019875,2013-10-01
Manjakandriana,301,0.001994125,2013-10-01
Ambohidratrimo,315,0.002086875,2013-10-01
Anjozorobe,311,0.002060375,2013-10-01
Ankazobe,297,0.001967625,2013-10-01
Andramasina,305,0.002020625,2013-11-01
Antananarivo-Avaradrano,308,0.0020405,2013-11-01
Antananarivo-Atsimondrano,308,0.0020405,2013-11-01
Manjakandriana,314,0.00208025,2013-11-01
Ambohidratrimo,306,0.00202725,2013-11-01
Anjozorobe,316,0.0020935,2013-11-01
Ankazobe,307,0.002033875,2013-11-01
Andramasina,317,0.002100125,2013-12-01
Antananarivo-Avaradrano,316,0.0020935,2013-12-01
Antananarivo-Atsimondrano,316,0.0020935,2013-12-01
Manjakandriana,349,0.002312125,2013-12-01
Ambohidratrimo,350,0.00231875,2013-12-01
Anjozorobe,340,0.0022525,2013-12-01
Ankazobe,330,0.00218625,2013-12-01
Andramasina,351,0.0024014249999999996,2014-01-01
Antananarivo-Avaradrano,370,0.0025314166666666666,2014-01-01
Antananarivo-Atsimondrano,332,0.002271433333333333,2014-01-01
Manjakandriana,340,0.0023261666666666665,2014-01-01
Ambohidratrimo,360,0.0024629999999999995,2014-01-01
Anjozorobe,337,0.0023056416666666665,2014-01-01
Ankazobe,363,0.0024835249999999994,2014-01-01
Andramasina,359,0.0024561583333333327,2014-02-01
Antananarivo-Avaradrano,350,0.002394583333333333,2014-02-01
Antananarivo-Atsimondrano,357,0.002442475,2014-02-01
Manjakandriana,351,0.0024014249999999996,2014-02-01
Ambohidratrimo,340,0.0023261666666666665,2014-02-01
Anjozorobe,363,0.0024835249999999994,2014-02-01
Ankazobe,375,0.0025656249999999993,2014-02-01
Andramasina,369,0.002524575,2014-03-01
Antananarivo-Avaradrano,373,0.0025519416666666666,2014-03-01
Antananarivo-Atsimondrano,373,0.0025519416666666666,2014-03-01
Manjakandriana,374,0.002558783333333333,2014-03-01
Ambohidratrimo,368,0.002517733333333333,2014-03-01
Anjozorobe,380,0.002599833333333333,2014-03-01
Ankazobe,348,0.0023808999999999996,2014-03-01
Andramasina,354,0.00242195,2014-04-01
Antananarivo-Avaradrano,376,0.002572466666666666,2014-04-01
Antananarivo-Atsimondrano,339,0.0023193249999999997,2014-04-01
Manjakandriana,356,0.002435633333333333,2014-04-01
Ambohidratrimo,363,0.0024835249999999994,2014-04-01
Anjozorobe,341,0.0023330083333333333,2014-04-01
Ankazobe,357,0.002442475,2014-04-01
Andramasina,351,0.0024014249999999996,2014-05-01
Antananarivo-Avaradrano,339,0.0023193249999999997,2014-05-01
Antananarivo-Atsimondrano,344,0.002353533333333333,2014-05-01
Manjakandriana,349,0.0023877416666666664,2014-05-01
Ambohidratrimo,337,0.0023056416666666665,2014-05-01
Anjozorobe,343,0.0023466916666666665,2014-05-01
Ankazobe,346,0.0023672166666666664,2014-05-01
Andramasina,332,0.002271433333333333,2014-06-01
Antananarivo-Avaradrano,354,0.00242195,2014-06-01
Antananarivo-Atsimondrano,359,0.0024561583333333327,2014-06-01
Manjakandriana,358,0.0024493166666666667,2014-06-01
Ambohidratrimo,332,0.002271433333333333,2014-06-01
Anjozorobe,360,0.0024629999999999995,2014-06-01
Ankazobe,344,0.002353533333333333,2014-06-01
Andramasina,354,0.00242195,2014-07-01
Antananarivo-Avaradrano,361,0.0024698416666666663,2014-07-01
Antananarivo-Atsimondrano,350,0.002394583333333333,2014-07-01
Manjakandriana,372,0.0025451,2014-07-01
Ambohidratrimo,377,0.002579308333333333,2014-07-01
Anjozorobe,366,0.00250405,2014-07-01
Ankazobe,374,0.002558783333333333,2014-07-01
Andramasina,340,0.0023261666666666665,2014-08-01
Antananarivo-Avaradrano,321,0.002196175,2014-08-01
Antananarivo-Atsimondrano,312,0.0021346,2014-08-01
Manjakandriana,333,0.0022782749999999997,2014-08-01
Ambohidratrimo,316,0.0021619666666666663,2014-08-01
Anjozorobe,332,0.002271433333333333,2014-08-01
Ankazobe,337,0.0023056416666666665,2014-08-01
Andramasina,324,0.0022167,2014-09-01
Antananarivo-Avaradrano,300,0.0020524999999999996,2014-09-01
Antananarivo-Atsimondrano,304,0.0020798666666666664,2014-09-01
Manjakandriana,315,0.0021551249999999995,2014-09-01
Ambohidratrimo,338,0.0023124833333333333,2014-09-01
Anjozorobe,316,0.0021619666666666663,2014-09-01
Ankazobe,329,0.0022509083333333334,2014-09-01
Andramasina,322,0.0022030166666666662,2014-10-01
Antananarivo-Avaradrano,308,0.002107233333333333,2014-10-01
Antananarivo-Atsimondrano,311,0.002127758333333333,2014-10-01
Manjakandriana,303,0.0020730249999999996,2014-10-01
Ambohidratrimo,330,0.0022577499999999993,2014-10-01
Anjozorobe,316,0.0021619666666666663,2014-10-01
Ankazobe,325,0.0022235416666666666,2014-10-01
Andramasina,319,0.0021824916666666663,2014-11-01
Antananarivo-Avaradrano,328,0.0022440666666666666,2014-11-01
Antananarivo-Atsimondrano,330,0.0022577499999999993,2014-11-01
Manjakandriana,312,0.0021346,2014-11-01
Ambohidratrimo,315,0.0021551249999999995,2014-11-01
Anjozorobe,333,0.0022782749999999997,2014-11-01
Ankazobe,346,0.0023672166666666664,2014-11-01
Andramasina,350,0.002394583333333333,2014-12-01
Antananarivo-Avaradrano,345,0.0023603749999999996,2014-12-01
Antananarivo-Atsimondrano,321,0.002196175,2014-12-01
Manjakandriana,320,0.002189333333333333,2014-12-01
Ambohidratrimo,320,0.002189333333333333,2014-12-01
Anjozorobe,328,0.0022440666666666666,2014-12-01
Ankazobe,323,0.002209858333333333,2014-12-01
Andramasina,368,0.002542266666666667,2015-01-01
Antananarivo-Avaradrano,351,0.0024248250000000002,2015-01-01
Antananarivo-Atsimondrano,341,0.002355741666666667,2015-01-01
Manjakandriana,356,0.002459366666666667,2015-01-01
Ambohidratrimo,380,0.002625166666666667,2015-01-01
Anjozorobe,362,0.002500816666666667,2015-01-01
Ankazobe,344,0.002376466666666667,2015-01-01
Andramasina,378,0.0026113500000000006,2015-02-01
Antananarivo-Avaradrano,364,0.0025146333333333337,2015-02-01
Antananarivo-Atsimondrano,383,0.002645891666666667,2015-02-01
Manjakandriana,369,0.0025491750000000003,2015-02-01
Ambohidratrimo,381,0.002632075,2015-02-01
Anjozorobe,351,0.0024248250000000002,2015-02-01
Ankazobe,348,0.0024041,2015-02-01
Andramasina,374,0.002583716666666667,2015-03-01
Antananarivo-Avaradrano,386,0.002666616666666667,2015-03-01
Antananarivo-Atsimondrano,373,0.0025768083333333335,2015-03-01
Manjakandriana,365,0.002521541666666667,2015-03-01
Ambohidratrimo,375,0.0025906250000000005,2015-03-01
Anjozorobe,383,0.002645891666666667,2015-03-01
Ankazobe,383,0.002645891666666667,2015-03-01
Andramasina,385,0.0026597083333333334,2015-04-01
Antananarivo-Avaradrano,372,0.0025699,2015-04-01
Antananarivo-Atsimondrano,355,0.0024524583333333334,2015-04-01
Manjakandriana,376,0.0025975333333333336,2015-04-01
Ambohidratrimo,362,0.002500816666666667,2015-04-01
Anjozorobe,357,0.002466275,2015-04-01
Ankazobe,373,0.0025768083333333335,2015-04-01
Andramasina,343,0.0023695583333333335,2015-05-01
Antananarivo-Avaradrano,363,0.0025077250000000006,2015-05-01
Antananarivo-Atsimondrano,356,0.002459366666666667,2015-05-01
Manjakandriana,359,0.002480091666666667,2015-05-01
Ambohidratrimo,352,0.0024317333333333337,2015-05-01
Anjozorobe,342,0.00236265,2015-05-01
Ankazobe,367,0.0025353583333333337,2015-05-01
Andramasina,343,0.0023695583333333335,2015-06-01
Antananarivo-Avaradrano,362,0.002500816666666667,2015-06-01
Antananarivo-Atsimondrano,363,0.0025077250000000006,2015-06-01
Manjakandriana,340,0.0023488333333333334,2015-06-01
Ambohidratrimo,366,0.0025284500000000002,2015-06-01
Anjozorobe,341,0.002355741666666667,2015-06-01
Ankazobe,358,0.0024731833333333335,2015-06-01
Andramasina,394,0.0027218833333333336,2015-07-01
Antananarivo-Avaradrano,371,0.002562991666666667,2015-07-01
Antananarivo-Atsimondrano,381,0.002632075,2015-07-01
Manjakandriana,360,0.0024870000000000005,2015-07-01
Ambohidratrimo,366,0.0025284500000000002,2015-07-01
Anjozorobe,383,0.002645891666666667,2015-07-01
Ankazobe,405,0.0027978750000000004,2015-07-01
Andramasina,317,0.002189941666666667,2015-08-01
Antananarivo-Avaradrano,345,0.0023833750000000005,2015-08-01
Antananarivo-Atsimondrano,323,0.002231391666666667,2015-08-01
Manjakandriana,337,0.0023281083333333338,2015-08-01
Ambohidratrimo,342,0.00236265,2015-08-01
Anjozorobe,352,0.0024317333333333337,2015-08-01
Ankazobe,336,0.0023212000000000003,2015-08-01
Andramasina,322,0.0022244833333333338,2015-09-01
Antananarivo-Avaradrano,330,0.0022797500000000005,2015-09-01
Antananarivo-Atsimondrano,349,0.0024110083333333337,2015-09-01
Manjakandriana,311,0.002148491666666667,2015-09-01
Ambohidratrimo,310,0.0021415833333333334,2015-09-01
Anjozorobe,332,0.002293566666666667,2015-09-01
Ankazobe,336,0.0023212000000000003,2015-09-01
Andramasina,318,0.00219685,2015-10-01
Antananarivo-Avaradrano,327,0.002259025,2015-10-01
Antananarivo-Atsimondrano,331,0.0022866583333333336,2015-10-01
Manjakandriana,318,0.00219685,2015-10-01
Ambohidratrimo,338,0.002335016666666667,2015-10-01
Anjozorobe,312,0.0021554,2015-10-01
Ankazobe,312,0.0021554,2015-10-01
Andramasina,358,0.0024731833333333335,2015-11-01
Antananarivo-Avaradrano,353,0.002438641666666667,2015-11-01
Antananarivo-Atsimondrano,346,0.0023902833333333336,2015-11-01
Manjakandriana,336,0.0023212000000000003,2015-11-01
Ambohidratrimo,331,0.0022866583333333336,2015-11-01
Anjozorobe,320,0.0022106666666666668,2015-11-01
Ankazobe,358,0.0024731833333333335,2015-11-01
Andramasina,360,0.0024870000000000005,2015-12-01
Antananarivo-Avaradrano,368,0.002542266666666667,2015-12-01
Antananarivo-Atsimondrano,370,0.0025560833333333334,2015-12-01
Manjakandriana,330,0.0022797500000000005,2015-12-01
Ambohidratrimo,363,0.0025077250000000006,2015-12-01
Anjozorobe,343,0.0023695583333333335,2015-12-01
Ankazobe,336,0.0023212000000000003,2015-12-01
Andramasina,365,0.002409,2016-01-01
Antananarivo-Avaradrano,385,0.002541,2016-01-01
Antananarivo-Atsimondrano,355,0.002343,2016-01-01
Manjakandriana,356,0.0023496000000000003,2016-01-01
Ambohidratrimo,381,0.0025146000000000005,2016-01-01
Anjozorobe,375,0.002475,2016-01-01
Ankazobe,358,0.0023628,2016-01-01
Andramasina,394,0.0026004,2016-02-01
Antananarivo-Avaradrano,378,0.0024948,2016-02-01
Antananarivo-Atsimondrano,388,0.0025608000000000002,2016-02-01
Manjakandriana,391,0.0025806,2016-02-01
Ambohidratrimo,371,0.0024486000000000004,2016-02-01
Anjozorobe,364,0.0024024000000000003,2016-02-01
Ankazobe,393,0.0025938000000000003,2016-02-01
Andramasina,376,0.0024816000000000005,2016-03-01
Antananarivo-Avaradrano,371,0.0024486000000000004,2016-03-01
Antananarivo-Atsimondrano,360,0.002376,2016-03-01
Manjakandriana,361,0.0023826000000000003,2016-03-01
Ambohidratrimo,381,0.0025146000000000005,2016-03-01
Anjozorobe,397,0.0026202000000000005,2016-03-01
Ankazobe,360,0.002376,2016-03-01
Andramasina,372,0.0024552000000000003,2016-04-01
Antananarivo-Avaradrano,395,0.002607,2016-04-01
Antananarivo-Atsimondrano,391,0.0025806,2016-04-01
Manjakandriana,363,0.0023958,2016-04-01
Ambohidratrimo,394,0.0026004,2016-04-01
Anjozorobe,390,0.002574,2016-04-01
Ankazobe,357,0.0023562,2016-04-01
Andramasina,376,0.0024816000000000005,2016-05-01
Antananarivo-Avaradrano,386,0.0025476000000000006,2016-05-01
Antananarivo-Atsimondrano,373,0.0024618,2016-05-01
Manjakandriana,368,0.0024288,2016-05-01
Ambohidratrimo,355,0.002343,2016-05-01
Anjozorobe,366,0.0024156000000000004,2016-05-01
Ankazobe,375,0.002475,2016-05-01
Andramasina,354,0.0023364,2016-06-01
Antananarivo-Avaradrano,357,0.0023562,2016-06-01
Antananarivo-Atsimondrano,355,0.002343,2016-06-01
Manjakandriana,342,0.0022572000000000004,2016-06-01
Ambohidratrimo,370,0.002442,2016-06-01
Anjozorobe,340,0.002244,2016-06-01
Ankazobe,353,0.0023298000000000004,2016-06-01
Andramasina,395,0.002607,2016-07-01
Antananarivo-Avaradrano,407,0.0026862,2016-07-01
Antananarivo-Atsimondrano,398,0.0026268000000000003,2016-07-01
Manjakandriana,365,0.002409,2016-07-01
Ambohidratrimo,387,0.0025542000000000004,2016-07-01
Anjozorobe,406,0.0026796000000000003,2016-07-01
Ankazobe,406,0.0026796000000000003,2016-07-01
Andramasina,351,0.0023166000000000003,2016-08-01
Antananarivo-Avaradrano,355,0.002343,2016-08-01
Antananarivo-Atsimondrano,362,0.0023892,2016-08-01
Manjakandriana,354,0.0023364,2016-08-01
Ambohidratrimo,362,0.0023892,2016-08-01
Anjozorobe,335,0.002211,2016-08-01
Ankazobe,343,0.0022638000000000003,2016-08-01
Andramasina,321,0.0021186000000000004,2016-09-01
Antananarivo-Avaradrano,355,0.002343,2016-09-01
Antananarivo-Atsimondrano,326,0.0021516000000000005,2016-09-01
Manjakandriana,347,0.0022902000000000005,2016-09-01
Ambohidratrimo,332,0.0021912000000000004,2016-09-01
Anjozorobe,347,0.0022902000000000005,2016-09-01
Ankazobe,330,0.002178,2016-09-01
Andramasina,340,0.002244,2016-10-01
Antananarivo-Avaradrano,338,0.0022308000000000002,2016-10-01
Antananarivo-Atsimondrano,346,0.0022836,2016-10-01
Manjakandriana,344,0.0022704,2016-10-01
Ambohidratrimo,339,0.0022374,2016-10-01
Anjozorobe,338,0.0022308000000000002,2016-10-01
Ankazobe,356,0.0023496000000000003,2016-10-01
Andramasina,354,0.0023364,2016-11-01
Antananarivo-Avaradrano,332,0.0021912000000000004,2016-11-01
Antananarivo-Atsimondrano,355,0.002343,2016-11-01
Manjakandriana,368,0.0024288,2016-11-01
Ambohidratrimo,351,0.0023166000000000003,2016-11-01
Anjozorobe,354,0.0023364,2016-11-01
Ankazobe,337,0.0022242000000000004,2016-11-01
Andramasina,376,0.0024816000000000005,2016-12-01
Antananarivo-Avaradrano,372,0.0024552000000000003,2016-12-01
Antananarivo-Atsimondrano,371,0.0024486000000000004,2016-12-01
Manjakandriana,344,0.0022704,2016-12-01
Ambohidratrimo,377,0.0024882000000000003,2016-12-01
Anjozorobe,364,0.0024024000000000003,2016-12-01
Ankazobe,354,0.0023364,2016-12-01
Andramasina,376,0.0026382666666666665,2017-01-01
Antananarivo-Avaradrano,393,0.00275755,2017-01-01
Antananarivo-Atsimondrano,385,0.0027014166666666666,2017-01-01
Manjakandriana,360,0.002526,2017-01-01
Ambohidratrimo,369,0.00258915,2017-01-01
Anjozorobe,367,0.002575116666666667,2017-01-01
Ankazobe,365,0.0025610833333333336,2017-01-01
Andramasina,399,0.00279965,2017-02-01
Antananarivo-Avaradrano,405,0.00284175,2017-02-01
Antananarivo-Atsimondrano,394,0.0027645666666666667,2017-02-01
Manjakandriana,394,0.0027645666666666667,2017-02-01
Ambohidratrimo,397,0.0027856166666666666,2017-02-01
Anjozorobe,368,0.002582133333333333,2017-02-01
Ankazobe,398,0.0027926333333333333,2017-02-01
Andramasina,388,0.0027224666666666665,2017-03-01
Antananarivo-Avaradrano,388,0.0027224666666666665,2017-03-01
Antananarivo-Atsimondrano,409,0.0028698166666666666,2017-03-01
Manjakandriana,384,0.0026944,2017-03-01
Ambohidratrimo,389,0.002729483333333333,2017-03-01
Anjozorobe,374,0.0026242333333333333,2017-03-01
Ankazobe,373,0.0026172166666666666,2017-03-01
Andramasina,400,0.0028066666666666665,2017-04-01
Antananarivo-Avaradrano,400,0.0028066666666666665,2017-04-01
Antananarivo-Atsimondrano,381,0.00267335,2017-04-01
Manjakandriana,402,0.0028206999999999998,2017-04-01
Ambohidratrimo,369,0.00258915,2017-04-01
Anjozorobe,389,0.002729483333333333,2017-04-01
Ankazobe,396,0.0027786,2017-04-01
Andramasina,377,0.002645283333333333,2017-05-01
Antananarivo-Avaradrano,387,0.00271545,2017-05-01
Antananarivo-Atsimondrano,374,0.0026242333333333333,2017-05-01
Manjakandriana,370,0.0025961666666666663,2017-05-01
Ambohidratrimo,365,0.0025610833333333336,2017-05-01
Anjozorobe,395,0.0027715833333333334,2017-05-01
Ankazobe,393,0.00275755,2017-05-01
Andramasina,352,0.002469866666666667,2017-06-01
Antananarivo-Avaradrano,371,0.0026031833333333334,2017-06-01
Antananarivo-Atsimondrano,384,0.0026944,2017-06-01
Manjakandriana,385,0.0027014166666666666,2017-06-01
Ambohidratrimo,360,0.002526,2017-06-01
Anjozorobe,354,0.0024839000000000003,2017-06-01
Ankazobe,381,0.00267335,2017-06-01
Andramasina,387,0.00271545,2017-07-01
Antananarivo-Avaradrano,390,0.0027365,2017-07-01
Antananarivo-Atsimondrano,405,0.00284175,2017-07-01
Manjakandriana,386,0.0027084333333333333,2017-07-01
Ambohidratrimo,398,0.0027926333333333333,2017-07-01
Anjozorobe,386,0.0027084333333333333,2017-07-01
Ankazobe,412,0.002890866666666667,2017-07-01
Andramasina,357,0.0025049499999999997,2017-08-01
Antananarivo-Avaradrano,362,0.0025400333333333333,2017-08-01
Antananarivo-Atsimondrano,354,0.0024839000000000003,2017-08-01
Manjakandriana,367,0.002575116666666667,2017-08-01
Ambohidratrimo,343,0.002406716666666667,2017-08-01
Anjozorobe,357,0.0025049499999999997,2017-08-01
Ankazobe,347,0.0024347833333333334,2017-08-01
Andramasina,347,0.0024347833333333334,2017-09-01
Antananarivo-Avaradrano,348,0.0024418,2017-09-01
Antananarivo-Atsimondrano,344,0.002413733333333333,2017-09-01
Manjakandriana,340,0.0023856666666666666,2017-09-01
Ambohidratrimo,333,0.00233655,2017-09-01
Anjozorobe,359,0.002518983333333333,2017-09-01
Ankazobe,336,0.0023576,2017-09-01
Andramasina,350,0.0024558333333333333,2017-10-01
Antananarivo-Avaradrano,357,0.0025049499999999997,2017-10-01
Antananarivo-Atsimondrano,371,0.0026031833333333334,2017-10-01
Manjakandriana,346,0.0024277666666666664,2017-10-01
Ambohidratrimo,366,0.0025681,2017-10-01
Anjozorobe,338,0.0023716333333333333,2017-10-01
Ankazobe,362,0.0025400333333333333,2017-10-01
Andramasina,359,0.002518983333333333,2017-11-01
Antananarivo-Avaradrano,373,0.0026172166666666666,2017-11-01
Antananarivo-Atsimondrano,356,0.0024979333333333335,2017-11-01
Manjakandriana,353,0.002476883333333333,2017-11-01
Ambohidratrimo,375,0.00263125,2017-11-01
Anjozorobe,345,0.00242075,2017-11-01
Ankazobe,379,0.0026593166666666664,2017-11-01
Andramasina,354,0.0024839000000000003,2017-12-01
Antananarivo-Avaradrano,386,0.0027084333333333333,2017-12-01
Antananarivo-Atsimondrano,385,0.0027014166666666666,2017-12-01
Manjakandriana,379,0.0026593166666666664,2017-12-01
Ambohidratrimo,365,0.0025610833333333336,2017-12-01
Anjozorobe,357,0.0025049499999999997,2017-12-01
Ankazobe,377,0.002645283333333333,2017-12-01
Andramasina,373,0.0026234333333333333,2018-01-01
Antananarivo-Avaradrano,402,0.0028274,2018-01-01
Antananarivo-Atsimondrano,402,0.0028274,2018-01-01
Manjakandriana,372,0.0026164,2018-01-01
Ambohidratrimo,401,0.0028203666666666667,2018-01-01
Anjozorobe,375,0.0026375000000000005,2018-01-01
Ankazobe,371,0.002609366666666667,2018-01-01
Andramasina,408,0.0028696000000000004,2018-02-01
Antananarivo-Avaradrano,416,0.002925866666666667,2018-02-01
Antananarivo-Atsimondrano,403,0.002834433333333334,2018-02-01
Manjakandriana,407,0.002862566666666667,2018-02-01
Ambohidratrimo,381,0.0026797,2018-02-01
Anjozorobe,387,0.0027219,2018-02-01
Ankazobe,395,0.002778166666666667,2018-02-01
Andramasina,407,0.002862566666666667,2018-03-01
Antananarivo-Avaradrano,395,0.002778166666666667,2018-03-01
Antananarivo-Atsimondrano,412,0.0028977333333333336,2018-03-01
Manjakandriana,417,0.0029329000000000004,2018-03-01
Ambohidratrimo,395,0.002778166666666667,2018-03-01
Anjozorobe,387,0.0027219,2018-03-01
Ankazobe,381,0.0026797,2018-03-01
Andramasina,383,0.002693766666666667,2018-04-01
Antananarivo-Avaradrano,395,0.002778166666666667,2018-04-01
Antananarivo-Atsimondrano,405,0.0028485000000000003,2018-04-01
Manjakandriana,397,0.0027922333333333335,2018-04-01
Ambohidratrimo,388,0.002728933333333334,2018-04-01
Anjozorobe,397,0.0027922333333333335,2018-04-01
Ankazobe,380,0.002672666666666667,2018-04-01
Andramasina,405,0.0028485000000000003,2018-05-01
Antananarivo-Avaradrano,402,0.0028274,2018-05-01
Antananarivo-Atsimondrano,385,0.0027078333333333334,2018-05-01
Manjakandriana,408,0.0028696000000000004,2018-05-01
Ambohidratrimo,384,0.0027008,2018-05-01
Anjozorobe,389,0.002735966666666667,2018-05-01
Ankazobe,370,0.0026023333333333337,2018-05-01
Andramasina,387,0.0027219,2018-06-01
Antananarivo-Avaradrano,395,0.002778166666666667,2018-06-01
Antananarivo-Atsimondrano,381,0.0026797,2018-06-01
Manjakandriana,391,0.002750033333333334,2018-06-01
Ambohidratrimo,398,0.002799266666666667,2018-06-01
Anjozorobe,382,0.0026867333333333338,2018-06-01
Ankazobe,369,0.0025953,2018-06-01
Andramasina,398,0.002799266666666667,2018-07-01
Antananarivo-Avaradrano,418,0.0029399333333333336,2018-07-01
Antananarivo-Atsimondrano,425,0.002989166666666667,2018-07-01
Manjakandriana,424,0.0029821333333333337,2018-07-01
Ambohidratrimo,416,0.002925866666666667,2018-07-01
Anjozorobe,410,0.0028836666666666668,2018-07-01
Ankazobe,392,0.002757066666666667,2018-07-01
Andramasina,351,0.0024687000000000003,2018-08-01
Antananarivo-Avaradrano,347,0.002440566666666667,2018-08-01
Antananarivo-Atsimondrano,365,0.002567166666666667,2018-08-01
Manjakandriana,359,0.002524966666666667,2018-08-01
Ambohidratrimo,361,0.0025390333333333336,2018-08-01
Anjozorobe,342,0.0024054000000000002,2018-08-01
Ankazobe,359,0.002524966666666667,2018-08-01
Andramasina,372,0.0026164,2018-09-01
Antananarivo-Avaradrano,363,0.0025531000000000004,2018-09-01
Antananarivo-Atsimondrano,377,0.002651566666666667,2018-09-01
Manjakandriana,356,0.0025038666666666667,2018-09-01
Ambohidratrimo,343,0.0024124333333333334,2018-09-01
Anjozorobe,371,0.002609366666666667,2018-09-01
Ankazobe,366,0.0025742000000000004,2018-09-01
Andramasina,365,0.002567166666666667,2018-10-01
Antananarivo-Avaradrano,360,0.0025320000000000004,2018-10-01
Antananarivo-Atsimondrano,377,0.002651566666666667,2018-10-01
Manjakandriana,362,0.0025460666666666672,2018-10-01
Ambohidratrimo,348,0.0024476000000000003,2018-10-01
Anjozorobe,361,0.0025390333333333336,2018-10-01
Ankazobe,354,0.0024898000000000003,2018-10-01
Andramasina,389,0.002735966666666667,2018-11-01
Antananarivo-Avaradrano,378,0.0026586000000000005,2018-11-01
Antananarivo-Atsimondrano,370,0.0026023333333333337,2018-11-01
Manjakandriana,365,0.002567166666666667,2018-11-01
Ambohidratrimo,367,0.0025812333333333336,2018-11-01
Anjozorobe,390,0.0027430000000000006,2018-11-01
Ankazobe,386,0.002714866666666667,2018-11-01
Andramasina,366,0.0025742000000000004,2018-12-01
Antananarivo-Avaradrano,370,0.0026023333333333337,2018-12-01
Antananarivo-Atsimondrano,368,0.002588266666666667,2018-12-01
Manjakandriana,377,0.002651566666666667,2018-12-01
Ambohidratrimo,390,0.0027430000000000006,2018-12-01
Anjozorobe,367,0.0025812333333333336,2018-12-01
Ankazobe,383,0.002693766666666667,2018-12-01
Andramasina,409,0.002338116666666666,2019-01-01
Antananarivo-Avaradrano,413,0.0023609833333333332,2019-01-01
Antananarivo-Atsimondrano,403,0.002303816666666666,2019-01-01
Manjakandriana,405,0.0023152499999999996,2019-01-01
Ambohidratrimo,384,0.0021952,2019-01-01
Anjozorobe,392,0.002240933333333333,2019-01-01
Ankazobe,395,0.002258083333333333,2019-01-01
Andramasina,402,0.0022981,2019-02-01
Antananarivo-Avaradrano,396,0.0022638,2019-02-01
Antananarivo-Atsimondrano,391,0.0022352166666666663,2019-02-01
Manjakandriana,415,0.0023724166666666663,2019-02-01
Ambohidratrimo,407,0.002326683333333333,2019-02-01
Anjozorobe,419,0.002395283333333333,2019-02-01
Ankazobe,389,0.0022237833333333327,2019-02-01
Andramasina,407,0.002326683333333333,2019-03-01
Antananarivo-Avaradrano,404,0.002309533333333333,2019-03-01
Antananarivo-Atsimondrano,430,0.0024581666666666667,2019-03-01
Manjakandriana,422,0.002412433333333333,2019-03-01
Ambohidratrimo,398,0.002275233333333333,2019-03-01
Anjozorobe,413,0.0023609833333333332,2019-03-01
Ankazobe,396,0.0022638,2019-03-01
Andramasina,408,0.0023323999999999997,2019-04-01
Antananarivo-Avaradrano,422,0.002412433333333333,2019-04-01
Antananarivo-Atsimondrano,390,0.0022294999999999997,2019-04-01
Manjakandriana,421,0.002406716666666666,2019-04-01
Ambohidratrimo,417,0.0023838499999999994,2019-04-01
Anjozorobe,415,0.0023724166666666663,2019-04-01
Ankazobe,410,0.002343833333333333,2019-04-01
Andramasina,388,0.002218066666666666,2019-05-01
Antananarivo-Avaradrano,383,0.002189483333333333,2019-05-01
Antananarivo-Atsimondrano,405,0.0023152499999999996,2019-05-01
Manjakandriana,386,0.002206633333333333,2019-05-01
Ambohidratrimo,381,0.0021780499999999995,2019-05-01
Anjozorobe,411,0.0023495499999999997,2019-05-01
Ankazobe,403,0.002303816666666666,2019-05-01
Andramasina,400,0.0022866666666666664,2019-06-01
Antananarivo-Avaradrano,379,0.0021666166666666664,2019-06-01
Antananarivo-Atsimondrano,400,0.0022866666666666664,2019-06-01
Manjakandriana,393,0.0022466499999999998,2019-06-01
Ambohidratrimo,406,0.002320966666666666,2019-06-01
Anjozorobe,409,0.002338116666666666,2019-06-01
Ankazobe,385,0.0022009166666666666,2019-06-01
Andramasina,449,0.0025667833333333327,2019-07-01
Antananarivo-Avaradrano,402,0.0022981,2019-07-01
Antananarivo-Atsimondrano,393,0.0022466499999999998,2019-07-01
Manjakandriana,446,0.002549633333333333,2019-07-01
Ambohidratrimo,436,0.0024924666666666664,2019-07-01
Anjozorobe,396,0.0022638,2019-07-01
Ankazobe,400,0.0022866666666666664,2019-07-01
Andramasina,385,0.0022009166666666666,2019-08-01
Antananarivo-Avaradrano,388,0.002218066666666666,2019-08-01
Antananarivo-Atsimondrano,359,0.002052283333333333,2019-08-01
Manjakandriana,380,0.002172333333333333,2019-08-01
Ambohidratrimo,361,0.002063716666666666,2019-08-01
Anjozorobe,357,0.00204085,2019-08-01
Ankazobe,382,0.0021837666666666665,2019-08-01
Andramasina,367,0.0020980166666666666,2019-09-01
Antananarivo-Avaradrano,362,0.002069433333333333,2019-09-01
Antananarivo-Atsimondrano,389,0.0022237833333333327,2019-09-01
Manjakandriana,372,0.0021265999999999998,2019-09-01
Ambohidratrimo,371,0.002120883333333333,2019-09-01
Anjozorobe,351,0.0020065499999999997,2019-09-01
Ankazobe,366,0.0020922999999999996,2019-09-01
Andramasina,367,0.0020980166666666666,2019-10-01
Antananarivo-Avaradrano,366,0.0020922999999999996,2019-10-01
Antananarivo-Atsimondrano,391,0.0022352166666666663,2019-10-01
Manjakandriana,380,0.002172333333333333,2019-10-01
Ambohidratrimo,368,0.002103733333333333,2019-10-01
Anjozorobe,372,0.0021265999999999998,2019-10-01
Ankazobe,378,0.0021608999999999995,2019-10-01
Andramasina,400,0.0022866666666666664,2019-11-01
Antananarivo-Avaradrano,386,0.002206633333333333,2019-11-01
Antananarivo-Atsimondrano,388,0.002218066666666666,2019-11-01
Manjakandriana,387,0.00221235,2019-11-01
Ambohidratrimo,396,0.0022638,2019-11-01
Anjozorobe,369,0.0021094499999999997,2019-11-01
Ankazobe,367,0.0020980166666666666,2019-11-01
Andramasina,404,0.002309533333333333,2019-12-01
Antananarivo-Avaradrano,410,0.002343833333333333,2019-12-01
Antananarivo-Atsimondrano,390,0.0022294999999999997,2019-12-01
Manjakandriana,388,0.002218066666666666,2019-12-01
Ambohidratrimo,407,0.002326683333333333,2019-12-01
Anjozorobe,372,0.0021265999999999998,2019-12-01
Ankazobe,396,0.0022638,2019-12-01
Andramasina,411,0.0022605,2020-01-01
Antananarivo-Avaradrano,392,0.002156,2020-01-01
Antananarivo-Atsimondrano,392,0.002156,2020-01-01
Manjakandriana,401,0.0022055,2020-01-01
Ambohidratrimo,396,0.002178,2020-01-01
Anjozorobe,404,0.002222,2020-01-01
Ankazobe,427,0.0023485,2020-01-01
Andramasina,428,0.002354,2020-02-01
Antananarivo-Avaradrano,433,0.0023815,2020-02-01
Antananarivo-Atsimondrano,432,0.002376,2020-02-01
Manjakandriana,432,0.002376,2020-02-01
Ambohidratrimo,413,0.0022715,2020-02-01
Anjozorobe,429,0.0023595,2020-02-01
Ankazobe,430,0.002365,2020-02-01
Andramasina,429,0.0023595,2020-03-01
Antananarivo-Avaradrano,439,0.0024145,2020-03-01
Antananarivo-Atsimondrano,421,0.0023155,2020-03-01
Manjakandriana,415,0.0022825,2020-03-01
Ambohidratrimo,403,0.0022165,2020-03-01
Anjozorobe,403,0.0022165,2020-03-01
Ankazobe,418,0.002299,2020-03-01
Andramasina,409,0.0022495,2020-04-01
Antananarivo-Avaradrano,412,0.002266,2020-04-01
Antananarivo-Atsimondrano,410,0.002255,2020-04-01
Manjakandriana,427,0.0023485,2020-04-01
Ambohidratrimo,417,0.0022935,2020-04-01
Anjozorobe,404,0.002222,2020-04-01
Ankazobe,435,0.0023925,2020-04-01
Andramasina,421,0.0023155,2020-05-01
Antananarivo-Avaradrano,426,0.002343,2020-05-01
Antananarivo-Atsimondrano,425,0.0023375,2020-05-01
Manjakandriana,425,0.0023375,2020-05-01
Ambohidratrimo,420,0.00231,2020-05-01
Anjozorobe,412,0.002266,2020-05-01
Ankazobe,406,0.002233,2020-05-01
Andramasina,418,0.002299,2020-06-01
Antananarivo-Avaradrano,404,0.002222,2020-06-01
Antananarivo-Atsimondrano,388,0.002134,2020-06-01
Manjakandriana,395,0.0021725,2020-06-01
Ambohidratrimo,402,0.002211,2020-06-01
Anjozorobe,395,0.0021725,2020-06-01
Ankazobe,403,0.0022165,2020-06-01
Andramasina,418,0.002299,2020-07-01
Antananarivo-Avaradrano,441,0.0024255,2020-07-01
Antananarivo-Atsimondrano,419,0.0023045,2020-07-01
Manjakandriana,424,0.002332,2020-07-01
Ambohidratrimo,427,0.0023485,2020-07-01
Anjozorobe,433,0.0023815,2020-07-01
Ankazobe,419,0.0023045,2020-07-01
Andramasina,371,0.0020405,2020-08-01
Antananarivo-Avaradrano,402,0.002211,2020-08-01
Antananarivo-Atsimondrano,379,0.0020845,2020-08-01
Manjakandriana,400,0.0022,2020-08-01
Ambohidratrimo,383,0.0021065,2020-08-01
Anjozorobe,364,0.002002,2020-08-01
Ankazobe,394,0.002167,2020-08-01
Andramasina,385,0.0021175,2020-09-01
Antananarivo-Avaradrano,390,0.002145,2020-09-01
Antananarivo-Atsimondrano,393,0.0021615,2020-09-01
Manjakandriana,381,0.0020955,2020-09-01
Ambohidratrimo,394,0.002167,2020-09-01
Anjozorobe,395,0.0021725,2020-09-01
Ankazobe,398,0.002189,2020-09-01
Andramasina,372,0.002046,2020-10-01
Antananarivo-Avaradrano,393,0.0021615,2020-10-01
Antananarivo-Atsimondrano,383,0.0021065,2020-10-01
Manjakandriana,374,0.002057,2020-10-01
Ambohidratrimo,396,0.002178,2020-10-01
Anjozorobe,400,0.0022,2020-10-01
Ankazobe,373,0.0020515,2020-10-01
Andramasina,383,0.0021065,2020-11-01
Antananarivo-Avaradrano,401,0.0022055,2020-11-01
Antananarivo-Atsimondrano,403,0.0022165,2020-11-01
Manjakandriana,392,0.002156,2020-11-01
Ambohidratrimo,371,0.0020405,2020-11-01
Anjozorobe,376,0.002068,2020-11-01
Ankazobe,406,0.002233,2020-11-01
Andramasina,384,0.002112,2020-12-01
Antananarivo-Avaradrano,416,0.002288,2020-12-01
Antananarivo-Atsimondrano,383,0.0021065,2020-12-01
Manjakandriana,412,0.002266,2020-12-01
Ambohidratrimo,420,0.00231,2020-12-01
Anjozorobe,405,0.0022275,2020-12-01
Ankazobe,410,0.002255,2020-12-01
Andramasina,422,0.0023772666666666666,2021-01-01
Antananarivo-Avaradrano,403,0.002270233333333333,2021-01-01
Antananarivo-Atsimondrano,430,0.002422333333333333,2021-01-01
Manjakandriana,411,0.0023152999999999997,2021-01-01
Ambohidratrimo,410,0.0023096666666666665,2021-01-01
Anjozorobe,401,0.0022589666666666666,2021-01-01
Ankazobe,423,0.0023828999999999994,2021-01-01
Andramasina,445,0.002506833333333333,2021-02-01
Antananarivo-Avaradrano,417,0.0023491,2021-02-01
Antananarivo-Atsimondrano,407,0.0022927666666666662,2021-02-01
Manjakandriana,444,0.0025012,2021-02-01
Ambohidratrimo,426,0.0023997999999999997,2021-02-01
Anjozorobe,407,0.0022927666666666662,2021-02-01
Ankazobe,433,0.002439233333333333,2021-02-01
Andramasina,424,0.002388533333333333,2021-03-01
Antananarivo-Avaradrano,440,0.0024786666666666663,2021-03-01
Antananarivo-Atsimondrano,421,0.0023716333333333333,2021-03-01
Manjakandriana,439,0.0024730333333333335,2021-03-01
Ambohidratrimo,417,0.0023491,2021-03-01
Anjozorobe,432,0.0024335999999999997,2021-03-01
Ankazobe,436,0.0024561333333333333,2021-03-01
Andramasina,412,0.002320933333333333,2021-04-01
Antananarivo-Avaradrano,427,0.002405433333333333,2021-04-01
Antananarivo-Atsimondrano,416,0.002343466666666666,2021-04-01
Manjakandriana,424,0.002388533333333333,2021-04-01
Ambohidratrimo,435,0.0024505,2021-04-01
Anjozorobe,422,0.0023772666666666666,2021-04-01
Ankazobe,419,0.0023603666666666663,2021-04-01
Andramasina,434,0.0024448666666666663,2021-05-01
Antananarivo-Avaradrano,426,0.0023997999999999997,2021-05-01
Antananarivo-Atsimondrano,433,0.002439233333333333,2021-05-01
Manjakandriana,417,0.0023491,2021-05-01
Ambohidratrimo,430,0.002422333333333333,2021-05-01
Anjozorobe,433,0.002439233333333333,2021-05-01
Ankazobe,428,0.0024110666666666667,2021-05-01
Andramasina,395,0.0022251666666666665,2021-06-01
Antananarivo-Avaradrano,391,0.002202633333333333,2021-06-01
Antananarivo-Atsimondrano,426,0.0023997999999999997,2021-06-01
Manjakandriana,397,0.002236433333333333,2021-06-01
Ambohidratrimo,392,0.0022082666666666663,2021-06-01
Anjozorobe,413,0.0023265666666666667,2021-06-01
Ankazobe,407,0.0022927666666666662,2021-06-01
Andramasina,455,0.0025631666666666667,2021-07-01
Antananarivo-Avaradrano,430,0.002422333333333333,2021-07-01
Antananarivo-Atsimondrano,448,0.002523733333333333,2021-07-01
Manjakandriana,434,0.0024448666666666663,2021-07-01
Ambohidratrimo,449,0.0025293666666666662,2021-07-01
Anjozorobe,460,0.002591333333333333,2021-07-01
Ankazobe,416,0.002343466666666666,2021-07-01
Andramasina,379,0.0021350333333333333,2021-08-01
Antananarivo-Avaradrano,389,0.0021913666666666665,2021-08-01
Antananarivo-Atsimondrano,411,0.0023152999999999997,2021-08-01
Manjakandriana,409,0.002304033333333333,2021-08-01
Ambohidratrimo,392,0.0022082666666666663,2021-08-01
Anjozorobe,372,0.0020956,2021-08-01
Ankazobe,410,0.0023096666666666665,2021-08-01
Andramasina,375,0.0021125,2021-09-01
Antananarivo-Avaradrano,402,0.0022646,2021-09-01
Antananarivo-Atsimondrano,386,0.0021744666666666666,2021-09-01
Manjakandriana,370,0.002084333333333333,2021-09-01
Ambohidratrimo,386,0.0021744666666666666,2021-09-01
Anjozorobe,386,0.0021744666666666666,2021-09-01
Ankazobe,404,0.0022758666666666664,2021-09-01
Andramasina,395,0.0022251666666666665,2021-10-01
Antananarivo-Avaradrano,411,0.0023152999999999997,2021-10-01
Antananarivo-Atsimondrano,385,0.002168833333333333,2021-10-01
Manjakandriana,398,0.0022420666666666668,2021-10-01
Ambohidratrimo,393,0.0022138999999999995,2021-10-01
Anjozorobe,379,0.0021350333333333333,2021-10-01
Ankazobe,400,0.002253333333333333,2021-10-01
Andramasina,411,0.0023152999999999997,2021-11-01
Antananarivo-Avaradrano,411,0.0023152999999999997,2021-11-01
Antananarivo-Atsimondrano,419,0.0023603666666666663,2021-11-01
Manjakandriana,396,0.0022308,2021-11-01
Ambohidratrimo,401,0.0022589666666666666,2021-11-01
Anjozorobe,411,0.0023152999999999997,2021-11-01
Ankazobe,388,0.002185733333333333,2021-11-01
Andramasina,391,0.002202633333333333,2021-12-01
Antananarivo-Avaradrano,429,0.0024167,2021-12-01
Antananarivo-Atsimondrano,409,0.002304033333333333,2021-12-01
Manjakandriana,424,0.002388533333333333,2021-12-01
Ambohidratrimo,398,0.0022420666666666668,2021-12-01
Anjozorobe,393,0.0022138999999999995,2021-12-01
Ankazobe,417,0.0023491,2021-12-01
Andramasina,445,0.0025735833333333335,2022-01-01
Antananarivo-Avaradrano,449,0.002596716666666667,2022-01-01
Antananarivo-Atsimondrano,429,0.0024810500000000003,2022-01-01
Manjakandriana,422,0.002440566666666667,2022-01-01
Ambohidratrimo,423,0.0024463500000000003,2022-01-01
Anjozorobe,430,0.0024868333333333335,2022-01-01
Ankazobe,445,0.0025735833333333335,2022-01-01
Andramasina,441,0.00255045,2022-02-01
Antananarivo-Avaradrano,420,0.0024290000000000006,2022-02-01
Antananarivo-Atsimondrano,440,0.002544666666666667,2022-02-01
Manjakandriana,417,0.0024116500000000004,2022-02-01
Ambohidratrimo,447,0.0025851500000000005,2022-02-01
Anjozorobe,450,0.0026025000000000006,2022-02-01
Ankazobe,439,0.0025388833333333336,2022-02-01
Andramasina,441,0.00255045,2022-03-01
Antananarivo-Avaradrano,430,0.0024868333333333335,2022-03-01
Antananarivo-Atsimondrano,438,0.0025331000000000004,2022-03-01
Manjakandriana,450,0.0026025000000000006,2022-03-01
Ambohidratrimo,440,0.002544666666666667,2022-03-01
Anjozorobe,426,0.0024637,2022-03-01
Ankazobe,420,0.0024290000000000006,2022-03-01
Andramasina,439,0.0025388833333333336,2022-04-01
Antananarivo-Avaradrano,443,0.002562016666666667,2022-04-01
Antananarivo-Atsimondrano,431,0.0024926166666666668,2022-04-01
Manjakandriana,447,0.0025851500000000005,2022-04-01
Ambohidratrimo,433,0.0025041833333333337,2022-04-01
Anjozorobe,424,0.0024521333333333336,2022-04-01
Ankazobe,447,0.0025851500000000005,2022-04-01
Andramasina,410,0.002371166666666667,2022-05-01
Antananarivo-Avaradrano,431,0.0024926166666666668,2022-05-01
Antananarivo-Atsimondrano,413,0.002388516666666667,2022-05-01
Manjakandriana,410,0.002371166666666667,2022-05-01
Ambohidratrimo,449,0.002596716666666667,2022-05-01
Anjozorobe,423,0.0024463500000000003,2022-05-01
Ankazobe,438,0.0025331000000000004,2022-05-01
Andramasina,408,0.0023596000000000003,2022-06-01
Antananarivo-Avaradrano,411,0.00237695,2022-06-01
Antananarivo-Atsimondrano,420,0.0024290000000000006,2022-06-01
Manjakandriana,412,0.0023827333333333338,2022-06-01
Ambohidratrimo,428,0.002475266666666667,2022-06-01
Anjozorobe,419,0.0024232166666666674,2022-06-01
Ankazobe,432,0.0024984000000000004,2022-06-01
Andramasina,452,0.002614066666666667,2022-07-01
Antananarivo-Avaradrano,448,0.0025909333333333337,2022-07-01
Antananarivo-Atsimondrano,457,0.0026429833333333334,2022-07-01
Manjakandriana,461,0.0026661166666666672,2022-07-01
Ambohidratrimo,434,0.002509966666666667,2022-07-01
Anjozorobe,465,0.0026892500000000007,2022-07-01
Ankazobe,453,0.0026198500000000004,2022-07-01
Andramasina,388,0.002243933333333334,2022-08-01
Antananarivo-Avaradrano,399,0.0023075500000000002,2022-08-01
Antananarivo-Atsimondrano,384,0.0022208,2022-08-01
Manjakandriana,386,0.0022323666666666667,2022-08-01
Ambohidratrimo,402,0.0023249,2022-08-01
Anjozorobe,401,0.0023191166666666667,2022-08-01
Ankazobe,401,0.0023191166666666667,2022-08-01
Andramasina,398,0.002301766666666667,2022-09-01
Antananarivo-Avaradrano,388,0.002243933333333334,2022-09-01
Antananarivo-Atsimondrano,384,0.0022208,2022-09-01
Manjakandriana,414,0.0023943000000000002,2022-09-01
Ambohidratrimo,385,0.0022265833333333335,2022-09-01
Anjozorobe,408,0.0023596000000000003,2022-09-01
Ankazobe,409,0.0023653833333333336,2022-09-01
Andramasina,405,0.0023422500000000006,2022-10-01
Antananarivo-Avaradrano,388,0.002243933333333334,2022-10-01
Antananarivo-Atsimondrano,390,0.0022555000000000006,2022-10-01
Manjakandriana,388,0.002243933333333334,2022-10-01
Ambohidratrimo,398,0.002301766666666667,2022-10-01
Anjozorobe,396,0.0022902000000000005,2022-10-01
Ankazobe,384,0.0022208,2022-10-01
Andramasina,409,0.0023653833333333336,2022-11-01
Antananarivo-Avaradrano,426,0.0024637,2022-11-01
Antananarivo-Atsimondrano,413,0.002388516666666667,2022-11-01
Manjakandriana,394,0.0022786333333333336,2022-11-01
Ambohidratrimo,394,0.0022786333333333336,2022-11-01
Anjozorobe,395,0.002284416666666667,2022-11-01
Ankazobe,409,0.0023653833333333336,2022-11-01
Andramasina,423,0.0024463500000000003,2022-12-01
Antananarivo-Avaradrano,429,0.0024810500000000003,2022-12-01
Antananarivo-Atsimondrano,437,0.002527316666666667,2022-12-01
Manjakandriana,432,0.0024984000000000004,2022-12-01
Ambohidratrimo,411,0.00237695,2022-12-01
Anjozorobe,402,0.0023249,2022-12-01
Ankazobe,411,0.00237695,2022-12-01
Andramasina,458,0.0035876666666666665,2023-01-01
Antananarivo-Avaradrano,437,0.0034231666666666664,2023-01-01
Antananarivo-Atsimondrano,428,0.0033526666666666666,2023-01-01
Manjakandriana,456,0.003572,2023-01-01
Ambohidratrimo,449,0.0035171666666666667,2023-01-01
Anjozorobe,422,0.0033056666666666664,2023-01-01
Ankazobe,456,0.003572,2023-01-01
Andramasina,442,0.003462333333333333,2023-02-01
Antananarivo-Avaradrano,439,0.0034388333333333332,2023-02-01
Antananarivo-Atsimondrano,467,0.0036581666666666663,2023-02-01
Manjakandriana,428,0.0033526666666666666,2023-02-01
Ambohidratrimo,443,0.0034701666666666665,2023-02-01
Anjozorobe,444,0.003478,2023-02-01
Ankazobe,439,0.0034388333333333332,2023-02-01
Andramasina,430,0.003368333333333333,2023-03-01
Antananarivo-Avaradrano,459,0.0035955,2023-03-01
Antananarivo-Atsimondrano,450,0.003525,2023-03-01
Manjakandriana,440,0.0034466666666666665,2023-03-01
Ambohidratrimo,468,0.003666,2023-03-01
Anjozorobe,466,0.003650333333333333,2023-03-01
Ankazobe,465,0.0036425,2023-03-01
Andramasina,447,0.0035015,2023-04-01
Antananarivo-Avaradrano,432,0.003384,2023-04-01
Antananarivo-Atsimondrano,448,0.003509333333333333,2023-04-01
Manjakandriana,434,0.0033996666666666667,2023-04-01
Ambohidratrimo,439,0.0034388333333333332,2023-04-01
Anjozorobe,433,0.003391833333333333,2023-04-01
Ankazobe,433,0.003391833333333333,2023-04-01
Andramasina,444,0.003478,2023-05-01
Antananarivo-Avaradrano,458,0.0035876666666666665,2023-05-01
Antananarivo-Atsimondrano,458,0.0035876666666666665,2023-05-01
Manjakandriana,456,0.003572,2023-05-01
Ambohidratrimo,445,0.003485833333333333,2023-05-01
Anjozorobe,446,0.0034936666666666666,2023-05-01
Ankazobe,445,0.003485833333333333,2023-05-01
Andramasina,447,0.0035015,2023-06-01
Antananarivo-Avaradrano,429,0.0033605,2023-06-01
Antananarivo-Atsimondrano,423,0.0033135,2023-06-01
Manjakandriana,436,0.003415333333333333,2023-06-01
Ambohidratrimo,427,0.003344833333333333,2023-06-01
Anjozorobe,413,0.0032351666666666666,2023-06-01
Ankazobe,444,0.003478,2023-06-01
Andramasina,472,0.003697333333333333,2023-07-01
Antananarivo-Avaradrano,455,0.0035641666666666664,2023-07-01
Antananarivo-Atsimondrano,470,0.0036816666666666664,2023-07-01
Manjakandriana,463,0.003626833333333333,2023-07-01
Ambohidratrimo,468,0.003666,2023-07-01
Anjozorobe,473,0.0037051666666666665,2023-07-01
Ankazobe,439,0.0034388333333333332,2023-07-01
Andramasina,428,0.0033526666666666666,2023-08-01
Antananarivo-Avaradrano,424,0.003321333333333333,2023-08-01
Antananarivo-Atsimondrano,392,0.0030706666666666664,2023-08-01
Manjakandriana,394,0.003086333333333333,2023-08-01
Ambohidratrimo,425,0.0033291666666666665,2023-08-01
Anjozorobe,432,0.003384,2023-08-01
Ankazobe,418,0.003274333333333333,2023-08-01
Andramasina,425,0.0033291666666666665,2023-09-01
Antananarivo-Avaradrano,421,0.003297833333333333,2023-09-01
Antananarivo-Atsimondrano,422,0.0033056666666666664,2023-09-01
Manjakandriana,410,0.0032116666666666665,2023-09-01
Ambohidratrimo,401,0.0031411666666666667,2023-09-01
Anjozorobe,427,0.003344833333333333,2023-09-01
Ankazobe,402,0.003149,2023-09-01
Andramasina,397,0.003109833333333333,2023-10-01
Antananarivo-Avaradrano,405,0.0031725,2023-10-01
Antananarivo-Atsimondrano,398,0.0031176666666666666,2023-10-01
Manjakandriana,411,0.0032195,2023-10-01
Ambohidratrimo,394,0.003086333333333333,2023-10-01
Anjozorobe,399,0.0031255,2023-10-01
Ankazobe,420,0.00329,2023-10-01
Andramasina,412,0.003227333333333333,2023-11-01
Antananarivo-Avaradrano,407,0.0031881666666666664,2023-11-01
Antananarivo-Atsimondrano,435,0.0034075,2023-11-01
Manjakandriana,406,0.003180333333333333,2023-11-01
Ambohidratrimo,417,0.0032665,2023-11-01
Anjozorobe,420,0.00329,2023-11-01
Ankazobe,435,0.0034075,2023-11-01
Andramasina,438,0.003431,2023-12-01
Antananarivo-Avaradrano,424,0.003321333333333333,2023-12-01
Antananarivo-Atsimondrano,413,0.0032351666666666666,2023-12-01
Manjakandriana,448,0.003509333333333333,2023-12-01
Ambohidratrimo,446,0.0034936666666666666,2023-12-01
Anjozorobe,427,0.003344833333333333,2023-12-01
Ankazobe,436,0.003415333333333333,2023-12-01
