district,nb_dmd,energy,date_dep_dmd
Andramasina,223,114.99038105676658,2000-01-01
Antananarivo-Avaradrano,228,111.99038105676658,2000-01-01
Antananarivo-Atsimondrano,192,104.99038105676658,2000-01-01
Manjakandriana,215,109.99038105676658,2000-01-01
Ambohidratrimo,220,111.99038105676658,2000-01-01
Anjozorobe,225,121.99038105676658,2000-01-01
Ankazobe,222,103.99038105676658,2000-01-01
Andramasina,214,105.5,2000-02-01
Antananarivo-Avaradrano,219,104.5,2000-02-01
Antananarivo-Atsimondrano,224,115.5,2000-02-01
Manjakandriana,229,98.5,2000-02-01
Ambohidratrimo,209,109.5,2000-02-01
Anjozorobe,232,102.5,2000-02-01
Ankazobe,199,109.5,2000-02-01
Andramasina,210,99.0,2000-03-01
Antananarivo-Avaradrano,237,110.0,2000-03-01
Antananarivo-Atsimondrano,229,92.0,2000-03-01
Manjakandriana,200,109.0,2000-03-01
Ambohidratrimo,224,110.0,2000-03-01
Anjozorobe,224,107.0,2000-03-01
Ankazobe,225,101.0,2000-03-01
Andramasina,228,87.5,2000-04-01
Antananarivo-Avaradrano,217,93.5,2000-04-01
Antananarivo-Atsimondrano,237,90.5,2000-04-01
Manjakandriana,198,82.5,2000-04-01
Ambohidratrimo,220,89.5,2000-04-01
Anjozorobe,200,97.5,2000-04-01
Ankazobe,223,83.5,2000-04-01
Andramasina,210,81.00961894323342,2000-05-01
Antananarivo-Avaradrano,191,83.00961894323342,2000-05-01
Antananarivo-Atsimondrano,227,96.00961894323342,2000-05-01
Manjakandriana,197,87.00961894323342,2000-05-01
Ambohidratrimo,212,93.00961894323342,2000-05-01
Anjozorobe,213,77.00961894323342,2000-05-01
Ankazobe,211,97.00961894323342,2000-05-01
Andramasina,183,84.0,2000-06-01
Antananarivo-Avaradrano,217,83.0,2000-06-01
Antananarivo-Atsimondrano,192,75.0,2000-06-01
Manjakandriana,206,81.0,2000-06-01
Ambohidratrimo,206,82.0,2000-06-01
Anjozorobe,212,81.0,2000-06-01
Ankazobe,214,86.0,2000-06-01
Andramasina,233,124.00961894323342,2000-07-01
Antananarivo-Avaradrano,216,123.00961894323342,2000-07-01
Antananarivo-Atsimondrano,241,112.00961894323342,2000-07-01
Manjakandriana,248,110.00961894323342,2000-07-01
Ambohidratrimo,229,117.00961894323342,2000-07-01
Anjozorobe,243,110.00961894323342,2000-07-01
Ankazobe,249,122.00961894323342,2000-07-01
Andramasina,163,99.5,2000-08-01
Antananarivo-Avaradrano,192,94.5,2000-08-01
Antananarivo-Atsimondrano,183,102.5,2000-08-01
Manjakandriana,171,86.5,2000-08-01
Ambohidratrimo,189,99.5,2000-08-01
Anjozorobe,167,98.5,2000-08-01
Ankazobe,191,85.5,2000-08-01
Andramasina,172,107.0,2000-09-01
Antananarivo-Avaradrano,190,97.0,2000-09-01
Antananarivo-Atsimondrano,162,92.0,2000-09-01
Manjakandriana,189,103.0,2000-09-01
Ambohidratrimo,188,101.0,2000-09-01
Anjozorobe,170,99.0,2000-09-01
Ankazobe,170,109.0,2000-09-01
Andramasina,183,104.5,2000-10-01
Antananarivo-Avaradrano,183,109.5,2000-10-01
Antananarivo-Atsimondrano,177,117.5,2000-10-01
Manjakandriana,174,102.5,2000-10-01
Ambohidratrimo,200,113.5,2000-10-01
Anjozorobe,181,115.5,2000-10-01
Ankazobe,170,115.5,2000-10-01
Andramasina,192,113.99038105676658,2000-11-01
Antananarivo-Avaradrano,186,115.99038105676658,2000-11-01
Antananarivo-Atsimondrano,190,110.99038105676658,2000-11-01
Manjakandriana,201,115.99038105676658,2000-11-01
Ambohidratrimo,188,112.99038105676658,2000-11-01
Anjozorobe,190,105.99038105676658,2000-11-01
Ankazobe,189,116.99038105676658,2000-11-01
Andramasina,186,119.0,2000-12-01
Antananarivo-Avaradrano,194,114.0,2000-12-01
Antananarivo-Atsimondrano,188,105.0,2000-12-01
Manjakandriana,181,111.0,2000-12-01
Ambohidratrimo,192,115.0,2000-12-01
Anjozorobe,218,121.0,2000-12-01
Ankazobe,197,115.0,2000-12-01
Andramasina,218,112.99038105676658,2001-01-01
Antananarivo-Avaradrano,212,107.99038105676658,2001-01-01
Antananarivo-Atsimondrano,240,123.99038105676658,2001-01-01
Manjakandriana,218,120.99038105676658,2001-01-01
Ambohidratrimo,225,117.99038105676658,2001-01-01
Anjozorobe,226,112.99038105676658,2001-01-01
Ankazobe,208,113.99038105676658,2001-01-01
Andramasina,234,109.5,2001-02-01
Antananarivo-Avaradrano,211,105.5,2001-02-01
Antananarivo-Atsimondrano,219,102.5,2001-02-01
Manjakandriana,229,110.5,2001-02-01
Ambohidratrimo,208,111.5,2001-02-01
Anjozorobe,210,120.5,2001-02-01
Ankazobe,232,115.5,2001-02-01
Andramasina,231,114.0,2001-03-01
Antananarivo-Avaradrano,236,108.0,2001-03-01
Antananarivo-Atsimondrano,241,105.0,2001-03-01
Manjakandriana,222,101.0,2001-03-01
Ambohidratrimo,244,104.0,2001-03-01
Anjozorobe,231,107.0,2001-03-01
Ankazobe,230,98.0,2001-03-01
Andramasina,239,104.5,2001-04-01
Antananarivo-Avaradrano,217,105.5,2001-04-01
Antananarivo-Atsimondrano,219,96.5,2001-04-01
Manjakandriana,209,88.5,2001-04-01
Ambohidratrimo,209,97.5,2001-04-01
Anjozorobe,237,101.5,2001-04-01
Ankazobe,229,98.5,2001-04-01
Andramasina,202,96.00961894323342,2001-05-01
Antananarivo-Avaradrano,233,89.00961894323342,2001-05-01
Antananarivo-Atsimondrano,222,89.00961894323342,2001-05-01
Manjakandriana,210,87.00961894323342,2001-05-01
Ambohidratrimo,219,94.00961894323342,2001-05-01
Anjozorobe,230,85.00961894323342,2001-05-01
Ankazobe,216,95.00961894323342,2001-05-01
Andramasina,226,84.0,2001-06-01
Antananarivo-Avaradrano,230,81.0,2001-06-01
Antananarivo-Atsimondrano,217,85.0,2001-06-01
Manjakandriana,200,85.0,2001-06-01
Ambohidratrimo,205,90.0,2001-06-01
Anjozorobe,222,97.0,2001-06-01
Ankazobe,208,96.0,2001-06-01
Andramasina,262,123.00961894323342,2001-07-01
Antananarivo-Avaradrano,230,120.00961894323342,2001-07-01
Antananarivo-Atsimondrano,256,128.00961894323342,2001-07-01
Manjakandriana,216,119.00961894323342,2001-07-01
Ambohidratrimo,228,106.00961894323342,2001-07-01
Anjozorobe,217,128.00961894323342,2001-07-01
Ankazobe,250,121.00961894323342,2001-07-01
Andramasina,188,90.5,2001-08-01
Antananarivo-Avaradrano,195,91.5,2001-08-01
Antananarivo-Atsimondrano,196,87.5,2001-08-01
Manjakandriana,205,89.5,2001-08-01
Ambohidratrimo,195,99.5,2001-08-01
Anjozorobe,193,102.5,2001-08-01
Ankazobe,207,94.5,2001-08-01
Andramasina,198,104.0,2001-09-01
Antananarivo-Avaradrano,191,108.0,2001-09-01
Antananarivo-Atsimondrano,209,99.0,2001-09-01
Manjakandriana,209,111.0,2001-09-01
Ambohidratrimo,203,115.0,2001-09-01
Anjozorobe,200,104.0,2001-09-01
Ankazobe,192,95.0,2001-09-01
Andramasina,198,110.5,2001-10-01
Antananarivo-Avaradrano,201,109.5,2001-10-01
Antananarivo-Atsimondrano,204,118.5,2001-10-01
Manjakandriana,206,113.5,2001-10-01
Ambohidratrimo,183,109.5,2001-10-01
Anjozorobe,211,117.5,2001-10-01
Ankazobe,203,119.5,2001-10-01
Andramasina,216,116.99038105676658,2001-11-01
Antananarivo-Avaradrano,183,114.99038105676658,2001-11-01
Antananarivo-Atsimondrano,201,121.99038105676658,2001-11-01
Manjakandriana,201,118.99038105676658,2001-11-01
Ambohidratrimo,211,116.99038105676658,2001-11-01
Anjozorobe,213,126.99038105676658,2001-11-01
Ankazobe,220,112.99038105676658,2001-11-01
Andramasina,218,112.0,2001-12-01
Antananarivo-Avaradrano,198,123.0,2001-12-01
Antananarivo-Atsimondrano,209,121.0,2001-12-01
Manjakandriana,205,111.0,2001-12-01
Ambohidratrimo,193,114.0,2001-12-01
Anjozorobe,228,113.0,2001-12-01
Ankazobe,206,110.0,2001-12-01
Andramasina,249,114.99038105676658,2002-01-01
Antananarivo-Avaradrano,221,129.99038105676658,2002-01-01
Antananarivo-Atsimondrano,219,123.99038105676658,2002-01-01
Manjakandriana,216,113.99038105676658,2002-01-01
Ambohidratrimo,245,132.99038105676658,2002-01-01
Anjozorobe,244,131.99038105676658,2002-01-01
Ankazobe,241,117.99038105676658,2002-01-01
Andramasina,240,121.5,2002-02-01
Antananarivo-Avaradrano,246,118.5,2002-02-01
Antananarivo-Atsimondrano,256,117.5,2002-02-01
Manjakandriana,239,111.5,2002-02-01
Ambohidratrimo,224,125.5,2002-02-01
Anjozorobe,240,119.5,2002-02-01
Ankazobe,234,110.5,2002-02-01
Andramasina,223,101.0,2002-03-01
Antananarivo-Avaradrano,254,114.0,2002-03-01
Antananarivo-Atsimondrano,242,109.0,2002-03-01
Manjakandriana,220,110.0,2002-03-01
Ambohidratrimo,251,100.0,2002-03-01
Anjozorobe,233,107.0,2002-03-01
Ankazobe,229,100.0,2002-03-01
Andramasina,251,99.5,2002-04-01
Antananarivo-Avaradrano,256,93.5,2002-04-01
Antananarivo-Atsimondrano,227,104.5,2002-04-01
Manjakandriana,227,102.5,2002-04-01
Ambohidratrimo,225,99.5,2002-04-01
Anjozorobe,256,110.5,2002-04-01
Ankazobe,222,103.5,2002-04-01
Andramasina,216,88.00961894323342,2002-05-01
Antananarivo-Avaradrano,236,94.00961894323342,2002-05-01
Antananarivo-Atsimondrano,245,99.00961894323342,2002-05-01
Manjakandriana,219,106.00961894323342,2002-05-01
Ambohidratrimo,230,105.00961894323342,2002-05-01
Anjozorobe,244,100.00961894323342,2002-05-01
Ankazobe,221,96.00961894323342,2002-05-01
Andramasina,210,102.0,2002-06-01
Antananarivo-Avaradrano,234,93.0,2002-06-01
Antananarivo-Atsimondrano,214,105.0,2002-06-01
Manjakandriana,226,99.0,2002-06-01
Ambohidratrimo,205,85.0,2002-06-01
Anjozorobe,230,87.0,2002-06-01
Ankazobe,200,94.0,2002-06-01
Andramasina,234,120.00961894323342,2002-07-01
Antananarivo-Avaradrano,254,114.00961894323342,2002-07-01
Antananarivo-Atsimondrano,246,136.00961894323342,2002-07-01
Manjakandriana,263,121.00961894323342,2002-07-01
Ambohidratrimo,241,117.00961894323342,2002-07-01
Anjozorobe,234,131.00961894323342,2002-07-01
Ankazobe,233,118.00961894323342,2002-07-01
Andramasina,211,104.5,2002-08-01
Antananarivo-Avaradrano,214,103.5,2002-08-01
Antananarivo-Atsimondrano,211,102.5,2002-08-01
Manjakandriana,208,109.5,2002-08-01
Ambohidratrimo,215,108.5,2002-08-01
Anjozorobe,209,99.5,2002-08-01
Ankazobe,186,103.5,2002-08-01
Andramasina,214,113.0,2002-09-01
Antananarivo-Avaradrano,195,116.0,2002-09-01
Antananarivo-Atsimondrano,216,115.0,2002-09-01
Manjakandriana,182,111.0,2002-09-01
Ambohidratrimo,191,104.0,2002-09-01
Anjozorobe,188,110.0,2002-09-01
Ankazobe,204,102.0,2002-09-01
Andramasina,212,111.5,2002-10-01
Antananarivo-Avaradrano,201,118.5,2002-10-01
Antananarivo-Atsimondrano,182,110.5,2002-10-01
Manjakandriana,197,109.5,2002-10-01
Ambohidratrimo,214,109.5,2002-10-01
Anjozorobe,184,112.5,2002-10-01
Ankazobe,182,125.5,2002-10-01
Andramasina,190,125.99038105676658,2002-11-01
Antananarivo-Avaradrano,227,119.99038105676658,2002-11-01
Antananarivo-Atsimondrano,224,116.99038105676658,2002-11-01
Manjakandriana,191,119.99038105676658,2002-11-01
Ambohidratrimo,213,123.99038105676658,2002-11-01
Anjozorobe,199,115.99038105676658,2002-11-01
Ankazobe,204,117.99038105676658,2002-11-01
Andramasina,238,122.0,2002-12-01
Antananarivo-Avaradrano,200,131.0,2002-12-01
Antananarivo-Atsimondrano,230,133.0,2002-12-01
Manjakandriana,234,126.0,2002-12-01
Ambohidratrimo,203,116.0,2002-12-01
Anjozorobe,234,132.0,2002-12-01
Ankazobe,205,133.0,2002-12-01
Andramasina,251,119.99038105676658,2003-01-01
Antananarivo-Avaradrano,244,132.99038105676658,2003-01-01
Antananarivo-Atsimondrano,253,119.99038105676658,2003-01-01
Manjakandriana,240,128.99038105676658,2003-01-01
Ambohidratrimo,232,127.99038105676658,2003-01-01
Anjozorobe,245,133.99038105676658,2003-01-01
Ankazobe,239,136.99038105676658,2003-01-01
Andramasina,249,126.5,2003-02-01
Antananarivo-Avaradrano,266,117.5,2003-02-01
Antananarivo-Atsimondrano,250,112.5,2003-02-01
Manjakandriana,251,115.5,2003-02-01
Ambohidratrimo,262,122.5,2003-02-01
Anjozorobe,234,125.5,2003-02-01
Ankazobe,264,115.5,2003-02-01
Andramasina,254,124.0,2003-03-01
Antananarivo-Avaradrano,236,112.0,2003-03-01
Antananarivo-Atsimondrano,263,116.0,2003-03-01
Manjakandriana,269,116.0,2003-03-01
Ambohidratrimo,233,110.0,2003-03-01
Anjozorobe,257,117.0,2003-03-01
Ankazobe,270,114.0,2003-03-01
Andramasina,246,99.5,2003-04-01
Antananarivo-Avaradrano,239,110.5,2003-04-01
Antananarivo-Atsimondrano,248,107.5,2003-04-01
Manjakandriana,246,111.5,2003-04-01
Ambohidratrimo,267,111.5,2003-04-01
Anjozorobe,261,100.5,2003-04-01
Ankazobe,232,97.5,2003-04-01
Andramasina,236,103.00961894323342,2003-05-01
Antananarivo-Avaradrano,224,108.00961894323342,2003-05-01
Antananarivo-Atsimondrano,235,104.00961894323342,2003-05-01
Manjakandriana,230,110.00961894323342,2003-05-01
Ambohidratrimo,236,110.00961894323342,2003-05-01
Anjozorobe,250,100.00961894323342,2003-05-01
Ankazobe,260,93.00961894323342,2003-05-01
Andramasina,240,104.0,2003-06-01
Antananarivo-Avaradrano,237,95.0,2003-06-01
Antananarivo-Atsimondrano,237,104.0,2003-06-01
Manjakandriana,231,92.0,2003-06-01
Ambohidratrimo,244,97.0,2003-06-01
Anjozorobe,246,94.0,2003-06-01
Ankazobe,245,103.0,2003-06-01
Andramasina,266,128.00961894323342,2003-07-01
Antananarivo-Avaradrano,274,133.00961894323342,2003-07-01
Antananarivo-Atsimondrano,253,124.00961894323342,2003-07-01
Manjakandriana,256,127.00961894323342,2003-07-01
Ambohidratrimo,272,125.00961894323342,2003-07-01
Anjozorobe,276,133.00961894323342,2003-07-01
Ankazobe,271,134.00961894323342,2003-07-01
Andramasina,232,111.5,2003-08-01
Antananarivo-Avaradrano,212,114.5,2003-08-01
Antananarivo-Atsimondrano,225,106.5,2003-08-01
Manjakandriana,229,102.5,2003-08-01
Ambohidratrimo,221,115.5,2003-08-01
Anjozorobe,214,106.5,2003-08-01
Ankazobe,211,102.5,2003-08-01
Andramasina,210,109.0,2003-09-01
Antananarivo-Avaradrano,192,119.0,2003-09-01
Antananarivo-Atsimondrano,206,123.0,2003-09-01
Manjakandriana,211,116.0,2003-09-01
Ambohidratrimo,227,116.0,2003-09-01
Anjozorobe,214,121.0,2003-09-01
Ankazobe,205,109.0,2003-09-01
Andramasina,211,116.5,2003-10-01
Antananarivo-Avaradrano,210,129.5,2003-10-01
Antananarivo-Atsimondrano,215,126.5,2003-10-01
Manjakandriana,193,132.5,2003-10-01
Ambohidratrimo,209,121.5,2003-10-01
Anjozorobe,213,127.5,2003-10-01
Ankazobe,210,127.5,2003-10-01
Andramasina,227,137.99038105676658,2003-11-01
Antananarivo-Avaradrano,206,136.99038105676658,2003-11-01
Antananarivo-Atsimondrano,232,128.99038105676658,2003-11-01
Manjakandriana,230,131.99038105676658,2003-11-01
Ambohidratrimo,212,123.99038105676658,2003-11-01
Anjozorobe,233,123.99038105676658,2003-11-01
Ankazobe,226,121.99038105676658,2003-11-01
Andramasina,243,133.0,2003-12-01
Antananarivo-Avaradrano,217,130.0,2003-12-01
Antananarivo-Atsimondrano,243,140.0,2003-12-01
Manjakandriana,220,130.0,2003-12-01
Ambohidratrimo,232,122.0,2003-12-01
Anjozorobe,233,140.0,2003-12-01
Ankazobe,227,133.0,2003-12-01
Andramasina,268,125.99038105676658,2004-01-01
Antananarivo-Avaradrano,233,130.99038105676658,2004-01-01
Antananarivo-Atsimondrano,251,134.99038105676658,2004-01-01
Manjakandriana,230,122.99038105676658,2004-01-01
Ambohidratrimo,247,129.99038105676658,2004-01-01
Anjozorobe,257,134.99038105676658,2004-01-01
Ankazobe,253,135.99038105676658,2004-01-01
Andramasina,263,127.5,2004-02-01
Antananarivo-Avaradrano,261,137.5,2004-02-01
Antananarivo-Atsimondrano,264,135.5,2004-02-01
Manjakandriana,252,121.5,2004-02-01
Ambohidratrimo,262,136.5,2004-02-01
Anjozorobe,256,118.5,2004-02-01
Ankazobe,276,126.5,2004-02-01
Andramasina,259,118.0,2004-03-01
Antananarivo-Avaradrano,279,127.0,2004-03-01
Antananarivo-Atsimondrano,253,128.0,2004-03-01
Manjakandriana,242,126.0,2004-03-01
Ambohidratrimo,262,110.0,2004-03-01
Anjozorobe,273,119.0,2004-03-01
Ankazobe,248,126.0,2004-03-01
Andramasina,241,116.5,2004-04-01
Antananarivo-Avaradrano,252,104.5,2004-04-01
Antananarivo-Atsimondrano,275,121.5,2004-04-01
Manjakandriana,242,102.5,2004-04-01
Ambohidratrimo,254,103.5,2004-04-01
Anjozorobe,239,110.5,2004-04-01
Ankazobe,247,102.5,2004-04-01
Andramasina,264,110.00961894323342,2004-05-01
Antananarivo-Avaradrano,241,103.00961894323342,2004-05-01
Antananarivo-Atsimondrano,253,98.00961894323342,2004-05-01
Manjakandriana,230,101.00961894323342,2004-05-01
Ambohidratrimo,250,97.00961894323342,2004-05-01
Anjozorobe,239,115.00961894323342,2004-05-01
Ankazobe,257,107.00961894323342,2004-05-01
Andramasina,253,99.0,2004-06-01
Antananarivo-Avaradrano,249,95.0,2004-06-01
Antananarivo-Atsimondrano,221,110.0,2004-06-01
Manjakandriana,220,100.0,2004-06-01
Ambohidratrimo,255,97.0,2004-06-01
Anjozorobe,239,105.0,2004-06-01
Ankazobe,222,98.0,2004-06-01
Andramasina,290,132.00961894323342,2004-07-01
Antananarivo-Avaradrano,256,125.00961894323342,2004-07-01
Antananarivo-Atsimondrano,283,141.00961894323342,2004-07-01
Manjakandriana,289,130.00961894323342,2004-07-01
Ambohidratrimo,286,122.00961894323342,2004-07-01
Anjozorobe,272,132.00961894323342,2004-07-01
Ankazobe,274,141.00961894323342,2004-07-01
Andramasina,218,102.5,2004-08-01
Antananarivo-Avaradrano,204,119.5,2004-08-01
Antananarivo-Atsimondrano,208,120.5,2004-08-01
Manjakandriana,237,111.5,2004-08-01
Ambohidratrimo,231,118.5,2004-08-01
Anjozorobe,231,120.5,2004-08-01
Ankazobe,218,118.5,2004-08-01
Andramasina,230,130.0,2004-09-01
Antananarivo-Avaradrano,217,125.0,2004-09-01
Antananarivo-Atsimondrano,208,130.0,2004-09-01
Manjakandriana,227,124.0,2004-09-01
Ambohidratrimo,236,112.0,2004-09-01
Anjozorobe,238,129.0,2004-09-01
Ankazobe,225,127.0,2004-09-01
Andramasina,229,131.5,2004-10-01
Antananarivo-Avaradrano,234,123.5,2004-10-01
Antananarivo-Atsimondrano,230,124.5,2004-10-01
Manjakandriana,228,130.5,2004-10-01
Ambohidratrimo,216,127.5,2004-10-01
Anjozorobe,202,137.5,2004-10-01
Ankazobe,233,124.5,2004-10-01
Andramasina,246,133.99038105676658,2004-11-01
Antananarivo-Avaradrano,250,122.99038105676658,2004-11-01
Antananarivo-Atsimondrano,226,125.99038105676658,2004-11-01
Manjakandriana,210,141.99038105676658,2004-11-01
Ambohidratrimo,226,129.99038105676658,2004-11-01
Anjozorobe,229,140.99038105676658,2004-11-01
Ankazobe,243,135.99038105676658,2004-11-01
Andramasina,220,125.0,2004-12-01
Antananarivo-Avaradrano,251,125.0,2004-12-01
Antananarivo-Atsimondrano,221,130.0,2004-12-01
Manjakandriana,241,134.0,2004-12-01
Ambohidratrimo,259,130.0,2004-12-01
Anjozorobe,253,144.0,2004-12-01
Ankazobe,224,137.0,2004-12-01
Andramasina,258,140.99038105676658,2005-01-01
Antananarivo-Avaradrano,253,135.99038105676658,2005-01-01
Antananarivo-Atsimondrano,256,137.99038105676658,2005-01-01
Manjakandriana,250,132.99038105676658,2005-01-01
Ambohidratrimo,258,137.99038105676658,2005-01-01
Anjozorobe,243,133.99038105676658,2005-01-01
Ankazobe,274,132.99038105676658,2005-01-01
Andramasina,273,135.5,2005-02-01
Antananarivo-Avaradrano,257,139.5,2005-02-01
Antananarivo-Atsimondrano,281,129.5,2005-02-01
Manjakandriana,258,132.5,2005-02-01
Ambohidratrimo,266,132.5,2005-02-01
Anjozorobe,267,135.5,2005-02-01
Ankazobe,249,133.5,2005-02-01
Andramasina,269,133.0,2005-03-01
Antananarivo-Avaradrano,253,116.0,2005-03-01
Antananarivo-Atsimondrano,289,117.0,2005-03-01
Manjakandriana,278,124.0,2005-03-01
Ambohidratrimo,273,120.0,2005-03-01
Anjozorobe,267,134.0,2005-03-01
Ankazobe,290,119.0,2005-03-01
Andramasina,280,121.5,2005-04-01
Antananarivo-Avaradrano,252,120.5,2005-04-01
Antananarivo-Atsimondrano,279,110.5,2005-04-01
Manjakandriana,265,107.5,2005-04-01
Ambohidratrimo,264,107.5,2005-04-01
Anjozorobe,253,107.5,2005-04-01
Ankazobe,281,126.5,2005-04-01
Andramasina,270,120.00961894323342,2005-05-01
Antananarivo-Avaradrano,264,121.00961894323342,2005-05-01
Antananarivo-Atsimondrano,265,107.00961894323342,2005-05-01
Manjakandriana,274,117.00961894323342,2005-05-01
Ambohidratrimo,269,113.00961894323342,2005-05-01
Anjozorobe,271,121.00961894323342,2005-05-01
Ankazobe,254,103.00961894323342,2005-05-01
Andramasina,253,113.0,2005-06-01
Antananarivo-Avaradrano,250,113.0,2005-06-01
Antananarivo-Atsimondrano,230,116.0,2005-06-01
Manjakandriana,230,103.0,2005-06-01
Ambohidratrimo,233,109.0,2005-06-01
Anjozorobe,251,114.0,2005-06-01
Ankazobe,242,104.0,2005-06-01
Andramasina,284,141.00961894323342,2005-07-01
Antananarivo-Avaradrano,288,137.00961894323342,2005-07-01
Antananarivo-Atsimondrano,299,145.00961894323342,2005-07-01
Manjakandriana,273,128.00961894323342,2005-07-01
Ambohidratrimo,300,126.00961894323342,2005-07-01
Anjozorobe,274,127.00961894323342,2005-07-01
Ankazobe,272,127.00961894323342,2005-07-01
Andramasina,246,113.5,2005-08-01
Antananarivo-Avaradrano,237,116.5,2005-08-01
Antananarivo-Atsimondrano,234,127.5,2005-08-01
Manjakandriana,233,127.5,2005-08-01
Ambohidratrimo,213,121.5,2005-08-01
Anjozorobe,221,125.5,2005-08-01
Ankazobe,236,119.5,2005-08-01
Andramasina,213,117.0,2005-09-01
Antananarivo-Avaradrano,238,127.0,2005-09-01
Antananarivo-Atsimondrano,224,128.0,2005-09-01
Manjakandriana,223,132.0,2005-09-01
Ambohidratrimo,243,118.0,2005-09-01
Anjozorobe,245,132.0,2005-09-01
Ankazobe,240,116.0,2005-09-01
Andramasina,232,142.5,2005-10-01
Antananarivo-Avaradrano,240,125.5,2005-10-01
Antananarivo-Atsimondrano,252,140.5,2005-10-01
Manjakandriana,217,132.5,2005-10-01
Ambohidratrimo,248,135.5,2005-10-01
Anjozorobe,233,129.5,2005-10-01
Ankazobe,247,127.5,2005-10-01
Andramasina,245,133.99038105676658,2005-11-01
Antananarivo-Avaradrano,252,147.99038105676658,2005-11-01
Antananarivo-Atsimondrano,221,140.99038105676658,2005-11-01
Manjakandriana,236,146.99038105676658,2005-11-01
Ambohidratrimo,229,140.99038105676658,2005-11-01
Anjozorobe,257,142.99038105676658,2005-11-01
Ankazobe,234,140.99038105676658,2005-11-01
Andramasina,234,136.0,2005-12-01
Antananarivo-Avaradrano,249,137.0,2005-12-01
Antananarivo-Atsimondrano,264,142.0,2005-12-01
Manjakandriana,259,143.0,2005-12-01
Ambohidratrimo,238,141.0,2005-12-01
Anjozorobe,240,141.0,2005-12-01
Ankazobe,261,142.0,2005-12-01
Andramasina,286,143.99038105676658,2006-01-01
Antananarivo-Avaradrano,270,135.99038105676658,2006-01-01
Antananarivo-Atsimondrano,254,133.99038105676658,2006-01-01
Manjakandriana,267,135.99038105676658,2006-01-01
Ambohidratrimo,257,147.99038105676658,2006-01-01
Anjozorobe,256,143.99038105676658,2006-01-01
Ankazobe,263,139.99038105676658,2006-01-01
Andramasina,294,144.5,2006-02-01
Antananarivo-Avaradrano,272,145.5,2006-02-01
Antananarivo-Atsimondrano,292,132.5,2006-02-01
Manjakandriana,285,130.5,2006-02-01
Ambohidratrimo,277,127.5,2006-02-01
Anjozorobe,271,133.5,2006-02-01
Ankazobe,295,142.5,2006-02-01
Andramasina,275,126.0,2006-03-01
Antananarivo-Avaradrano,291,124.0,2006-03-01
Antananarivo-Atsimondrano,293,134.0,2006-03-01
Manjakandriana,270,140.0,2006-03-01
Ambohidratrimo,265,128.0,2006-03-01
Anjozorobe,266,122.0,2006-03-01
Ankazobe,281,120.0,2006-03-01
Andramasina,260,124.5,2006-04-01
Antananarivo-Avaradrano,297,129.5,2006-04-01
Antananarivo-Atsimondrano,272,126.5,2006-04-01
Manjakandriana,283,115.5,2006-04-01
Ambohidratrimo,263,123.5,2006-04-01
Anjozorobe,281,115.5,2006-04-01
Ankazobe,292,112.5,2006-04-01
Andramasina,268,116.00961894323342,2006-05-01
Antananarivo-Avaradrano,274,119.00961894323342,2006-05-01
Antananarivo-Atsimondrano,277,109.00961894323342,2006-05-01
Manjakandriana,280,115.00961894323342,2006-05-01
Ambohidratrimo,258,116.00961894323342,2006-05-01
Anjozorobe,280,111.00961894323342,2006-05-01
Ankazobe,264,108.00961894323342,2006-05-01
Andramasina,275,112.0,2006-06-01
Antananarivo-Avaradrano,251,109.0,2006-06-01
Antananarivo-Atsimondrano,258,105.0,2006-06-01
Manjakandriana,267,117.0,2006-06-01
Ambohidratrimo,253,113.0,2006-06-01
Anjozorobe,251,116.0,2006-06-01
Ankazobe,269,113.0,2006-06-01
Andramasina,312,154.00961894323342,2006-07-01
Antananarivo-Avaradrano,291,153.00961894323342,2006-07-01
Antananarivo-Atsimondrano,314,131.00961894323342,2006-07-01
Manjakandriana,261,142.00961894323342,2006-07-01
Ambohidratrimo,313,142.00961894323342,2006-07-01
Anjozorobe,270,131.00961894323342,2006-07-01
Ankazobe,299,153.00961894323342,2006-07-01
Andramasina,252,130.5,2006-08-01
Antananarivo-Avaradrano,255,115.5,2006-08-01
Antananarivo-Atsimondrano,228,115.5,2006-08-01
Manjakandriana,236,112.5,2006-08-01
Ambohidratrimo,232,117.5,2006-08-01
Anjozorobe,233,130.5,2006-08-01
Ankazobe,246,116.5,2006-08-01
Andramasina,230,140.0,2006-09-01
Antananarivo-Avaradrano,247,133.0,2006-09-01
Antananarivo-Atsimondrano,227,128.0,2006-09-01
Manjakandriana,234,138.0,2006-09-01
Ambohidratrimo,238,129.0,2006-09-01
Anjozorobe,228,137.0,2006-09-01
Ankazobe,251,127.0,2006-09-01
Andramasina,258,136.5,2006-10-01
Antananarivo-Avaradrano,225,135.5,2006-10-01
Antananarivo-Atsimondrano,237,127.5,2006-10-01
Manjakandriana,237,146.5,2006-10-01
Ambohidratrimo,231,145.5,2006-10-01
Anjozorobe,255,146.5,2006-10-01
Ankazobe,230,133.5,2006-10-01
Andramasina,243,148.99038105676658,2006-11-01
Antananarivo-Avaradrano,245,144.99038105676658,2006-11-01
Antananarivo-Atsimondrano,254,145.99038105676658,2006-11-01
Manjakandriana,238,139.99038105676658,2006-11-01
Ambohidratrimo,234,143.99038105676658,2006-11-01
Anjozorobe,254,139.99038105676658,2006-11-01
Ankazobe,236,140.99038105676658,2006-11-01
Andramasina,267,152.0,2006-12-01
Antananarivo-Avaradrano,270,140.0,2006-12-01
Antananarivo-Atsimondrano,260,155.0,2006-12-01
Manjakandriana,277,154.0,2006-12-01
Ambohidratrimo,261,141.0,2006-12-01
Anjozorobe,277,153.0,2006-12-01
Ankazobe,252,135.0,2006-12-01
Andramasina,283,154.99038105676658,2007-01-01
Antananarivo-Avaradrano,288,142.99038105676658,2007-01-01
Antananarivo-Atsimondrano,299,146.99038105676658,2007-01-01
Manjakandriana,280,157.99038105676658,2007-01-01
Ambohidratrimo,286,142.99038105676658,2007-01-01
Anjozorobe,275,153.99038105676658,2007-01-01
Ankazobe,289,155.99038105676658,2007-01-01
Andramasina,304,139.5,2007-02-01
Antananarivo-Avaradrano,272,138.5,2007-02-01
Antananarivo-Atsimondrano,270,148.5,2007-02-01
Manjakandriana,285,149.5,2007-02-01
Ambohidratrimo,293,147.5,2007-02-01
Anjozorobe,304,142.5,2007-02-01
Ankazobe,272,135.5,2007-02-01
Andramasina,294,144.0,2007-03-01
Antananarivo-Avaradrano,299,135.0,2007-03-01
Antananarivo-Atsimondrano,289,139.0,2007-03-01
Manjakandriana,293,138.0,2007-03-01
Ambohidratrimo,303,126.0,2007-03-01
Anjozorobe,293,138.0,2007-03-01
Ankazobe,305,129.0,2007-03-01
Andramasina,286,125.5,2007-04-01
Antananarivo-Avaradrano,297,117.5,2007-04-01
Antananarivo-Atsimondrano,278,133.5,2007-04-01
Manjakandriana,267,128.5,2007-04-01
Ambohidratrimo,268,122.5,2007-04-01
Anjozorobe,301,117.5,2007-04-01
Ankazobe,279,131.5,2007-04-01
Andramasina,289,129.00961894323342,2007-05-01
Antananarivo-Avaradrano,268,125.00961894323342,2007-05-01
Antananarivo-Atsimondrano,292,123.00961894323342,2007-05-01
Manjakandriana,264,115.00961894323342,2007-05-01
Ambohidratrimo,290,128.00961894323342,2007-05-01
Anjozorobe,288,126.00961894323342,2007-05-01
Ankazobe,273,130.00961894323342,2007-05-01
Andramasina,280,121.0,2007-06-01
Antananarivo-Avaradrano,278,119.0,2007-06-01
Antananarivo-Atsimondrano,265,126.0,2007-06-01
Manjakandriana,283,114.0,2007-06-01
Ambohidratrimo,270,122.0,2007-06-01
Anjozorobe,261,111.0,2007-06-01
Ankazobe,286,115.0,2007-06-01
Andramasina,294,144.00961894323342,2007-07-01
Antananarivo-Avaradrano,303,141.00961894323342,2007-07-01
Antananarivo-Atsimondrano,291,141.00961894323342,2007-07-01
Manjakandriana,320,137.00961894323342,2007-07-01
Ambohidratrimo,313,156.00961894323342,2007-07-01
Anjozorobe,314,140.00961894323342,2007-07-01
Ankazobe,295,149.00961894323342,2007-07-01
Andramasina,263,132.5,2007-08-01
Antananarivo-Avaradrano,256,132.5,2007-08-01
Antananarivo-Atsimondrano,258,130.5,2007-08-01
Manjakandriana,260,129.5,2007-08-01
Ambohidratrimo,272,134.5,2007-08-01
Anjozorobe,244,136.5,2007-08-01
Ankazobe,238,128.5,2007-08-01
Andramasina,260,135.0,2007-09-01
Antananarivo-Avaradrano,251,127.0,2007-09-01
Antananarivo-Atsimondrano,243,138.0,2007-09-01
Manjakandriana,230,141.0,2007-09-01
Ambohidratrimo,245,138.0,2007-09-01
Anjozorobe,253,135.0,2007-09-01
Ankazobe,257,132.0,2007-09-01
Andramasina,234,136.5,2007-10-01
Antananarivo-Avaradrano,250,144.5,2007-10-01
Antananarivo-Atsimondrano,270,141.5,2007-10-01
Manjakandriana,269,152.5,2007-10-01
Ambohidratrimo,269,142.5,2007-10-01
Anjozorobe,251,139.5,2007-10-01
Ankazobe,269,144.5,2007-10-01
Andramasina,245,148.99038105676658,2007-11-01
Antananarivo-Avaradrano,253,145.99038105676658,2007-11-01
Antananarivo-Atsimondrano,268,147.99038105676658,2007-11-01
Manjakandriana,252,144.99038105676658,2007-11-01
Ambohidratrimo,254,151.99038105676658,2007-11-01
Anjozorobe,265,142.99038105676658,2007-11-01
Ankazobe,260,149.99038105676658,2007-11-01
Andramasina,282,141.0,2007-12-01
Antananarivo-Avaradrano,279,147.0,2007-12-01
Antananarivo-Atsimondrano,259,156.0,2007-12-01
Manjakandriana,250,150.0,2007-12-01
Ambohidratrimo,280,140.0,2007-12-01
Anjozorobe,259,149.0,2007-12-01
Ankazobe,275,149.0,2007-12-01
Andramasina,285,148.99038105676658,2008-01-01
Antananarivo-Avaradrano,299,150.99038105676658,2008-01-01
Antananarivo-Atsimondrano,289,162.99038105676658,2008-01-01
Manjakandriana,286,144.99038105676658,2008-01-01
Ambohidratrimo,277,147.99038105676658,2008-01-01
Anjozorobe,296,156.99038105676658,2008-01-01
Ankazobe,279,161.99038105676658,2008-01-01
Andramasina,309,143.5,2008-02-01
Antananarivo-Avaradrano,282,157.5,2008-02-01
Antananarivo-Atsimondrano,284,146.5,2008-02-01
Manjakandriana,314,137.5,2008-02-01
Ambohidratrimo,303,144.5,2008-02-01
Anjozorobe,309,139.5,2008-02-01
Ankazobe,279,153.5,2008-02-01
Andramasina,289,143.0,2008-03-01
Antananarivo-Avaradrano,313,137.0,2008-03-01
Antananarivo-Atsimondrano,288,133.0,2008-03-01
Manjakandriana,308,140.0,2008-03-01
Ambohidratrimo,298,137.0,2008-03-01
Anjozorobe,306,135.0,2008-03-01
Ankazobe,312,149.0,2008-03-01
Andramasina,317,141.5,2008-04-01
Antananarivo-Avaradrano,282,133.5,2008-04-01
Antananarivo-Atsimondrano,292,140.5,2008-04-01
Manjakandriana,280,137.5,2008-04-01
Ambohidratrimo,310,131.5,2008-04-01
Anjozorobe,292,139.5,2008-04-01
Ankazobe,315,124.5,2008-04-01
Andramasina,273,125.00961894323342,2008-05-01
Antananarivo-Avaradrano,286,134.00961894323342,2008-05-01
Antananarivo-Atsimondrano,304,134.00961894323342,2008-05-01
Manjakandriana,286,122.00961894323342,2008-05-01
Ambohidratrimo,291,133.00961894323342,2008-05-01
Anjozorobe,287,134.00961894323342,2008-05-01
Ankazobe,291,126.00961894323342,2008-05-01
Andramasina,275,123.0,2008-06-01
Antananarivo-Avaradrano,272,118.0,2008-06-01
Antananarivo-Atsimondrano,291,125.0,2008-06-01
Manjakandriana,277,135.0,2008-06-01
Ambohidratrimo,267,121.0,2008-06-01
Anjozorobe,285,123.0,2008-06-01
Ankazobe,260,134.0,2008-06-01
Andramasina,307,145.00961894323342,2008-07-01
Antananarivo-Avaradrano,315,150.00961894323342,2008-07-01
Antananarivo-Atsimondrano,291,156.00961894323342,2008-07-01
Manjakandriana,309,154.00961894323342,2008-07-01
Ambohidratrimo,300,155.00961894323342,2008-07-01
Anjozorobe,293,140.00961894323342,2008-07-01
Ankazobe,317,151.00961894323342,2008-07-01
Andramasina,274,125.5,2008-08-01
Antananarivo-Avaradrano,281,132.5,2008-08-01
Antananarivo-Atsimondrano,244,131.5,2008-08-01
Manjakandriana,254,124.5,2008-08-01
Ambohidratrimo,245,127.5,2008-08-01
Anjozorobe,260,135.5,2008-08-01
Ankazobe,243,132.5,2008-08-01
Andramasina,240,136.0,2008-09-01
Antananarivo-Avaradrano,257,130.0,2008-09-01
Antananarivo-Atsimondrano,275,148.0,2008-09-01
Manjakandriana,275,138.0,2008-09-01
Ambohidratrimo,273,150.0,2008-09-01
Anjozorobe,273,150.0,2008-09-01
Ankazobe,244,138.0,2008-09-01
Andramasina,254,151.5,2008-10-01
Antananarivo-Avaradrano,269,155.5,2008-10-01
Antananarivo-Atsimondrano,254,149.5,2008-10-01
Manjakandriana,253,152.5,2008-10-01
Ambohidratrimo,255,157.5,2008-10-01
Anjozorobe,247,139.5,2008-10-01
Ankazobe,243,140.5,2008-10-01
Andramasina,277,149.99038105676658,2008-11-01
Antananarivo-Avaradrano,261,158.99038105676658,2008-11-01
Antananarivo-Atsimondrano,254,161.99038105676658,2008-11-01
Manjakandriana,259,155.99038105676658,2008-11-01
Ambohidratrimo,254,149.99038105676658,2008-11-01
Anjozorobe,275,153.99038105676658,2008-11-01
Ankazobe,261,157.99038105676658,2008-11-01
Andramasina,299,162.0,2008-12-01
Antananarivo-Avaradrano,276,153.0,2008-12-01
Antananarivo-Atsimondrano,293,148.0,2008-12-01
Manjakandriana,272,159.0,2008-12-01
Ambohidratrimo,266,161.0,2008-12-01
Anjozorobe,270,146.0,2008-12-01
Ankazobe,289,149.0,2008-12-01
Andramasina,296,164.99038105676658,2009-01-01
Antananarivo-Avaradrano,302,159.99038105676658,2009-01-01
Antananarivo-Atsimondrano,285,155.99038105676658,2009-01-01
Manjakandriana,290,159.99038105676658,2009-01-01
Ambohidratrimo,284,164.99038105676658,2009-01-01
Anjozorobe,296,164.99038105676658,2009-01-01
Ankazobe,284,164.99038105676658,2009-01-01
Andramasina,324,152.5,2009-02-01
Antananarivo-Avaradrano,294,142.5,2009-02-01
Antananarivo-Atsimondrano,322,150.5,2009-02-01
Manjakandriana,320,161.5,2009-02-01
Ambohidratrimo,313,158.5,2009-02-01
Anjozorobe,305,152.5,2009-02-01
Ankazobe,324,148.5,2009-02-01
Andramasina,300,151.0,2009-03-01
Antananarivo-Avaradrano,293,148.0,2009-03-01
Antananarivo-Atsimondrano,294,154.0,2009-03-01
Manjakandriana,299,138.0,2009-03-01
Ambohidratrimo,317,152.0,2009-03-01
Anjozorobe,302,139.0,2009-03-01
Ankazobe,316,148.0,2009-03-01
Andramasina,319,129.5,2009-04-01
Antananarivo-Avaradrano,322,129.5,2009-04-01
Antananarivo-Atsimondrano,317,136.5,2009-04-01
Manjakandriana,289,145.5,2009-04-01
Ambohidratrimo,319,131.5,2009-04-01
Anjozorobe,326,129.5,2009-04-01
Ankazobe,288,144.5,2009-04-01
Andramasina,291,127.00961894323342,2009-05-01
Antananarivo-Avaradrano,284,126.00961894323342,2009-05-01
Antananarivo-Atsimondrano,296,123.00961894323342,2009-05-01
Manjakandriana,314,140.00961894323342,2009-05-01
Ambohidratrimo,280,131.00961894323342,2009-05-01
Anjozorobe,283,138.00961894323342,2009-05-01
Ankazobe,313,141.00961894323342,2009-05-01
Andramasina,292,125.0,2009-06-01
Antananarivo-Avaradrano,274,132.0,2009-06-01
Antananarivo-Atsimondrano,297,126.0,2009-06-01
Manjakandriana,270,121.0,2009-06-01
Ambohidratrimo,298,134.0,2009-06-01
Anjozorobe,276,128.0,2009-06-01
Ankazobe,274,127.0,2009-06-01
Andramasina,332,146.00961894323342,2009-07-01
Antananarivo-Avaradrano,315,168.00961894323342,2009-07-01
Antananarivo-Atsimondrano,339,154.00961894323342,2009-07-01
Manjakandriana,298,167.00961894323342,2009-07-01
Ambohidratrimo,310,142.00961894323342,2009-07-01
Anjozorobe,314,143.00961894323342,2009-07-01
Ankazobe,335,160.00961894323342,2009-07-01
Andramasina,288,132.5,2009-08-01
Antananarivo-Avaradrano,279,139.5,2009-08-01
Antananarivo-Atsimondrano,285,145.5,2009-08-01
Manjakandriana,269,145.5,2009-08-01
Ambohidratrimo,292,137.5,2009-08-01
Anjozorobe,255,127.5,2009-08-01
Ankazobe,259,141.5,2009-08-01
Andramasina,287,148.0,2009-09-01
Antananarivo-Avaradrano,277,143.0,2009-09-01
Antananarivo-Atsimondrano,274,144.0,2009-09-01
Manjakandriana,251,155.0,2009-09-01
Ambohidratrimo,281,145.0,2009-09-01
Anjozorobe,264,135.0,2009-09-01
Ankazobe,281,138.0,2009-09-01
Andramasina,255,162.5,2009-10-01
Antananarivo-Avaradrano,271,158.5,2009-10-01
Antananarivo-Atsimondrano,258,150.5,2009-10-01
Manjakandriana,274,151.5,2009-10-01
Ambohidratrimo,260,143.5,2009-10-01
Anjozorobe,277,162.5,2009-10-01
Ankazobe,283,159.5,2009-10-01
Andramasina,274,153.99038105676658,2009-11-01
Antananarivo-Avaradrano,276,149.99038105676658,2009-11-01
Antananarivo-Atsimondrano,269,156.99038105676658,2009-11-01
Manjakandriana,285,158.99038105676658,2009-11-01
Ambohidratrimo,273,156.99038105676658,2009-11-01
Anjozorobe,290,160.99038105676658,2009-11-01
Ankazobe,286,157.99038105676658,2009-11-01
Andramasina,271,153.0,2009-12-01
Antananarivo-Avaradrano,274,159.0,2009-12-01
Antananarivo-Atsimondrano,284,150.0,2009-12-01
Manjakandriana,277,154.0,2009-12-01
Ambohidratrimo,275,155.0,2009-12-01
Anjozorobe,309,152.0,2009-12-01
Ankazobe,277,160.0,2009-12-01
Andramasina,320,165.99038105676658,2010-01-01
Antananarivo-Avaradrano,301,166.99038105676658,2010-01-01
Antananarivo-Atsimondrano,330,167.99038105676658,2010-01-01
Manjakandriana,320,154.99038105676658,2010-01-01
Ambohidratrimo,319,168.99038105676658,2010-01-01
Anjozorobe,329,166.99038105676658,2010-01-01
Ankazobe,306,153.99038105676658,2010-01-01
Andramasina,310,152.5,2010-02-01
Antananarivo-Avaradrano,332,147.5,2010-02-01
Antananarivo-Atsimondrano,298,167.5,2010-02-01
Manjakandriana,317,167.5,2010-02-01
Ambohidratrimo,299,156.5,2010-02-01
Anjozorobe,318,167.5,2010-02-01
Ankazobe,316,153.5,2010-02-01
Andramasina,322,158.0,2010-03-01
Antananarivo-Avaradrano,311,154.0,2010-03-01
Antananarivo-Atsimondrano,332,148.0,2010-03-01
Manjakandriana,335,160.0,2010-03-01
Ambohidratrimo,314,158.0,2010-03-01
Anjozorobe,318,145.0,2010-03-01
Ankazobe,332,152.0,2010-03-01
Andramasina,317,149.5,2010-04-01
Antananarivo-Avaradrano,301,135.5,2010-04-01
Antananarivo-Atsimondrano,318,133.5,2010-04-01
Manjakandriana,329,146.5,2010-04-01
Ambohidratrimo,333,145.5,2010-04-01
Anjozorobe,316,146.5,2010-04-01
Ankazobe,298,148.5,2010-04-01
Andramasina,313,140.00961894323342,2010-05-01
Antananarivo-Avaradrano,295,144.00961894323342,2010-05-01
Antananarivo-Atsimondrano,318,129.00961894323342,2010-05-01
Manjakandriana,300,129.00961894323342,2010-05-01
Ambohidratrimo,300,134.00961894323342,2010-05-01
Anjozorobe,307,132.00961894323342,2010-05-01
Ankazobe,312,138.00961894323342,2010-05-01
Andramasina,294,136.0,2010-06-01
Antananarivo-Avaradrano,299,137.0,2010-06-01
Antananarivo-Atsimondrano,283,139.0,2010-06-01
Manjakandriana,284,138.0,2010-06-01
Ambohidratrimo,293,136.0,2010-06-01
Anjozorobe,307,134.0,2010-06-01
Ankazobe,290,143.0,2010-06-01
Andramasina,357,154.00961894323342,2010-07-01
Antananarivo-Avaradrano,340,169.00961894323342,2010-07-01
Antananarivo-Atsimondrano,315,167.00961894323342,2010-07-01
Manjakandriana,355,172.00961894323342,2010-07-01
Ambohidratrimo,330,147.00961894323342,2010-07-01
Anjozorobe,342,149.00961894323342,2010-07-01
Ankazobe,339,167.00961894323342,2010-07-01
Andramasina,287,151.5,2010-08-01
Antananarivo-Avaradrano,295,144.5,2010-08-01
Antananarivo-Atsimondrano,299,132.5,2010-08-01
Manjakandriana,284,137.5,2010-08-01
Ambohidratrimo,291,145.5,2010-08-01
Anjozorobe,278,134.5,2010-08-01
Ankazobe,290,146.5,2010-08-01
Andramasina,267,157.0,2010-09-01
Antananarivo-Avaradrano,280,156.0,2010-09-01
Antananarivo-Atsimondrano,276,157.0,2010-09-01
Manjakandriana,290,144.0,2010-09-01
Ambohidratrimo,288,159.0,2010-09-01
Anjozorobe,277,149.0,2010-09-01
Ankazobe,274,146.0,2010-09-01
Andramasina,297,154.5,2010-10-01
Antananarivo-Avaradrano,279,156.5,2010-10-01
Antananarivo-Atsimondrano,294,154.5,2010-10-01
Manjakandriana,298,153.5,2010-10-01
Ambohidratrimo,277,152.5,2010-10-01
Anjozorobe,292,149.5,2010-10-01
Ankazobe,288,163.5,2010-10-01
Andramasina,275,156.99038105676658,2010-11-01
Antananarivo-Avaradrano,302,164.99038105676658,2010-11-01
Antananarivo-Atsimondrano,310,171.99038105676658,2010-11-01
Manjakandriana,291,162.99038105676658,2010-11-01
Ambohidratrimo,282,154.99038105676658,2010-11-01
Anjozorobe,290,161.99038105676658,2010-11-01
Ankazobe,275,153.99038105676658,2010-11-01
Andramasina,309,175.0,2010-12-01
Antananarivo-Avaradrano,303,157.0,2010-12-01
Antananarivo-Atsimondrano,307,164.0,2010-12-01
Manjakandriana,312,174.0,2010-12-01
Ambohidratrimo,296,166.0,2010-12-01
Anjozorobe,320,175.0,2010-12-01
Ankazobe,281,162.0,2010-12-01
Andramasina,317,176.99038105676658,2011-01-01
Antananarivo-Avaradrano,305,174.99038105676658,2011-01-01
Antananarivo-Atsimondrano,316,166.99038105676658,2011-01-01
Manjakandriana,322,164.99038105676658,2011-01-01
Ambohidratrimo,309,166.99038105676658,2011-01-01
Anjozorobe,315,160.99038105676658,2011-01-01
Ankazobe,312,174.99038105676658,2011-01-01
Andramasina,344,165.5,2011-02-01
Antananarivo-Avaradrano,312,153.5,2011-02-01
Antananarivo-Atsimondrano,323,167.5,2011-02-01
Manjakandriana,341,170.5,2011-02-01
Ambohidratrimo,319,167.5,2011-02-01
Anjozorobe,310,157.5,2011-02-01
Ankazobe,320,152.5,2011-02-01
Andramasina,342,155.0,2011-03-01
Antananarivo-Avaradrano,344,152.0,2011-03-01
Antananarivo-Atsimondrano,317,150.0,2011-03-01
Manjakandriana,337,145.0,2011-03-01
Ambohidratrimo,331,147.0,2011-03-01
Anjozorobe,340,150.0,2011-03-01
Ankazobe,325,158.0,2011-03-01
Andramasina,339,139.5,2011-04-01
Antananarivo-Avaradrano,337,149.5,2011-04-01
Antananarivo-Atsimondrano,326,148.5,2011-04-01
Manjakandriana,317,142.5,2011-04-01
Ambohidratrimo,319,140.5,2011-04-01
Anjozorobe,339,148.5,2011-04-01
Ankazobe,313,156.5,2011-04-01
Andramasina,319,150.00961894323342,2011-05-01
Antananarivo-Avaradrano,335,138.00961894323342,2011-05-01
Antananarivo-Atsimondrano,327,150.00961894323342,2011-05-01
Manjakandriana,338,135.00961894323342,2011-05-01
Ambohidratrimo,309,138.00961894323342,2011-05-01
Anjozorobe,310,143.00961894323342,2011-05-01
Ankazobe,333,133.00961894323342,2011-05-01
Andramasina,295,134.0,2011-06-01
Antananarivo-Avaradrano,298,136.0,2011-06-01
Antananarivo-Atsimondrano,327,135.0,2011-06-01
Manjakandriana,324,134.0,2011-06-01
Ambohidratrimo,309,132.0,2011-06-01
Anjozorobe,310,134.0,2011-06-01
Ankazobe,324,149.0,2011-06-01
Andramasina,365,177.00961894323342,2011-07-01
Antananarivo-Avaradrano,351,169.00961894323342,2011-07-01
Antananarivo-Atsimondrano,353,163.00961894323342,2011-07-01
Manjakandriana,357,158.00961894323342,2011-07-01
Ambohidratrimo,353,172.00961894323342,2011-07-01
Anjozorobe,358,162.00961894323342,2011-07-01
Ankazobe,344,168.00961894323342,2011-07-01
Andramasina,307,155.5,2011-08-01
Antananarivo-Avaradrano,289,155.5,2011-08-01
Antananarivo-Atsimondrano,301,141.5,2011-08-01
Manjakandriana,308,141.5,2011-08-01
Ambohidratrimo,287,137.5,2011-08-01
Anjozorobe,289,142.5,2011-08-01
Ankazobe,283,149.5,2011-08-01
Andramasina,305,149.0,2011-09-01
Antananarivo-Avaradrano,300,150.0,2011-09-01
Antananarivo-Atsimondrano,305,158.0,2011-09-01
Manjakandriana,283,162.0,2011-09-01
Ambohidratrimo,289,151.0,2011-09-01
Anjozorobe,271,165.0,2011-09-01
Ankazobe,304,145.0,2011-09-01
Andramasina,278,162.5,2011-10-01
Antananarivo-Avaradrano,290,167.5,2011-10-01
Antananarivo-Atsimondrano,277,159.5,2011-10-01
Manjakandriana,297,160.5,2011-10-01
Ambohidratrimo,287,170.5,2011-10-01
Anjozorobe,305,153.5,2011-10-01
Ankazobe,310,153.5,2011-10-01
Andramasina,303,168.99038105676658,2011-11-01
Antananarivo-Avaradrano,282,172.99038105676658,2011-11-01
Antananarivo-Atsimondrano,308,176.99038105676658,2011-11-01
Manjakandriana,284,166.99038105676658,2011-11-01
Ambohidratrimo,309,162.99038105676658,2011-11-01
Anjozorobe,320,175.99038105676658,2011-11-01
Ankazobe,305,177.99038105676658,2011-11-01
Andramasina,327,163.0,2011-12-01
Antananarivo-Avaradrano,302,162.0,2011-12-01
Antananarivo-Atsimondrano,299,176.0,2011-12-01
Manjakandriana,303,179.0,2011-12-01
Ambohidratrimo,307,166.0,2011-12-01
Anjozorobe,325,173.0,2011-12-01
Ankazobe,326,168.0,2011-12-01
Andramasina,330,169.99038105676658,2012-01-01
Antananarivo-Avaradrano,327,168.99038105676658,2012-01-01
Antananarivo-Atsimondrano,344,174.99038105676658,2012-01-01
Manjakandriana,314,162.99038105676658,2012-01-01
Ambohidratrimo,323,175.99038105676658,2012-01-01
Anjozorobe,313,165.99038105676658,2012-01-01
Ankazobe,341,174.99038105676658,2012-01-01
Andramasina,332,173.5,2012-02-01
Antananarivo-Avaradrano,347,159.5,2012-02-01
Antananarivo-Atsimondrano,335,176.5,2012-02-01
Manjakandriana,318,167.5,2012-02-01
Ambohidratrimo,336,169.5,2012-02-01
Anjozorobe,353,157.5,2012-02-01
Ankazobe,339,173.5,2012-02-01
Andramasina,341,161.0,2012-03-01
Antananarivo-Avaradrano,360,166.0,2012-03-01
Antananarivo-Atsimondrano,335,161.0,2012-03-01
Manjakandriana,359,160.0,2012-03-01
Ambohidratrimo,358,164.0,2012-03-01
Anjozorobe,339,159.0,2012-03-01
Ankazobe,357,168.0,2012-03-01
Andramasina,324,152.5,2012-04-01
Antananarivo-Avaradrano,336,162.5,2012-04-01
Antananarivo-Atsimondrano,341,153.5,2012-04-01
Manjakandriana,337,156.5,2012-04-01
Ambohidratrimo,357,162.5,2012-04-01
Anjozorobe,340,155.5,2012-04-01
Ankazobe,344,145.5,2012-04-01
Andramasina,326,146.00961894323342,2012-05-01
Antananarivo-Avaradrano,333,137.00961894323342,2012-05-01
Antananarivo-Atsimondrano,316,157.00961894323342,2012-05-01
Manjakandriana,320,137.00961894323342,2012-05-01
Ambohidratrimo,329,150.00961894323342,2012-05-01
Anjozorobe,328,153.00961894323342,2012-05-01
Ankazobe,316,141.00961894323342,2012-05-01
Andramasina,311,144.0,2012-06-01
Antananarivo-Avaradrano,335,145.0,2012-06-01
Antananarivo-Atsimondrano,303,155.0,2012-06-01
Manjakandriana,310,138.0,2012-06-01
Ambohidratrimo,314,149.0,2012-06-01
Anjozorobe,302,138.0,2012-06-01
Ankazobe,322,154.0,2012-06-01
Andramasina,352,169.00961894323342,2012-07-01
Antananarivo-Avaradrano,360,166.00961894323342,2012-07-01
Antananarivo-Atsimondrano,352,182.00961894323342,2012-07-01
Manjakandriana,346,177.00961894323342,2012-07-01
Ambohidratrimo,357,173.00961894323342,2012-07-01
Anjozorobe,339,162.00961894323342,2012-07-01
Ankazobe,337,162.00961894323342,2012-07-01
Andramasina,312,147.5,2012-08-01
Antananarivo-Avaradrano,286,148.5,2012-08-01
Antananarivo-Atsimondrano,310,156.5,2012-08-01
Manjakandriana,315,142.5,2012-08-01
Ambohidratrimo,317,155.5,2012-08-01
Anjozorobe,321,159.5,2012-08-01
Ankazobe,318,149.5,2012-08-01
Andramasina,288,150.0,2012-09-01
Antananarivo-Avaradrano,297,161.0,2012-09-01
Antananarivo-Atsimondrano,314,154.0,2012-09-01
Manjakandriana,303,166.0,2012-09-01
Ambohidratrimo,315,166.0,2012-09-01
Anjozorobe,295,155.0,2012-09-01
Ankazobe,302,157.0,2012-09-01
Andramasina,284,158.5,2012-10-01
Antananarivo-Avaradrano,285,166.5,2012-10-01
Antananarivo-Atsimondrano,309,162.5,2012-10-01
Manjakandriana,318,177.5,2012-10-01
Ambohidratrimo,322,172.5,2012-10-01
Anjozorobe,301,165.5,2012-10-01
Ankazobe,311,160.5,2012-10-01
Andramasina,321,178.99038105676658,2012-11-01
Antananarivo-Avaradrano,318,162.99038105676658,2012-11-01
Antananarivo-Atsimondrano,330,176.99038105676658,2012-11-01
Manjakandriana,323,173.99038105676658,2012-11-01
Ambohidratrimo,311,162.99038105676658,2012-11-01
Anjozorobe,319,177.99038105676658,2012-11-01
Ankazobe,321,176.99038105676658,2012-11-01
Andramasina,304,171.0,2012-12-01
Antananarivo-Avaradrano,315,167.0,2012-12-01
Antananarivo-Atsimondrano,334,185.0,2012-12-01
Manjakandriana,300,178.0,2012-12-01
Ambohidratrimo,319,179.0,2012-12-01
Anjozorobe,323,168.0,2012-12-01
Ankazobe,328,180.0,2012-12-01
Andramasina,330,174.99038105676658,2013-01-01
Antananarivo-Avaradrano,327,172.99038105676658,2013-01-01
Antananarivo-Atsimondrano,322,178.99038105676658,2013-01-01
Manjakandriana,349,170.99038105676658,2013-01-01
Ambohidratrimo,335,178.99038105676658,2013-01-01
Anjozorobe,333,180.99038105676658,2013-01-01
Ankazobe,353,173.99038105676658,2013-01-01
Andramasina,346,177.5,2013-02-01
Antananarivo-Avaradrano,332,180.5,2013-02-01
Antananarivo-Atsimondrano,331,164.5,2013-02-01
Manjakandriana,351,162.5,2013-02-01
Ambohidratrimo,364,176.5,2013-02-01
Anjozorobe,348,163.5,2013-02-01
Ankazobe,331,180.5,2013-02-01
Andramasina,367,160.0,2013-03-01
Antananarivo-Avaradrano,339,166.0,2013-03-01
Antananarivo-Atsimondrano,355,168.0,2013-03-01
Manjakandriana,361,167.0,2013-03-01
Ambohidratrimo,347,165.0,2013-03-01
Anjozorobe,367,156.0,2013-03-01
Ankazobe,345,167.0,2013-03-01
Andramasina,347,150.5,2013-04-01
Antananarivo-Avaradrano,336,158.5,2013-04-01
Antananarivo-Atsimondrano,364,156.5,2013-04-01
Manjakandriana,358,154.5,2013-04-01
Ambohidratrimo,348,165.5,2013-04-01
Anjozorobe,358,152.5,2013-04-01
Ankazobe,331,152.5,2013-04-01
Andramasina,327,157.00961894323342,2013-05-01
Antananarivo-Avaradrano,336,159.00961894323342,2013-05-01
Antananarivo-Atsimondrano,358,145.00961894323342,2013-05-01
Manjakandriana,328,151.00961894323342,2013-05-01
Ambohidratrimo,328,158.00961894323342,2013-05-01
Anjozorobe,333,147.00961894323342,2013-05-01
Ankazobe,329,162.00961894323342,2013-05-01
Andramasina,350,146.0,2013-06-01
Antananarivo-Avaradrano,350,147.0,2013-06-01
Antananarivo-Atsimondrano,329,142.0,2013-06-01
Manjakandriana,327,152.0,2013-06-01
Ambohidratrimo,330,143.0,2013-06-01
Anjozorobe,323,141.0,2013-06-01
Ankazobe,317,157.0,2013-06-01
Andramasina,379,182.00961894323342,2013-07-01
Antananarivo-Avaradrano,352,189.00961894323342,2013-07-01
Antananarivo-Atsimondrano,353,169.00961894323342,2013-07-01
Manjakandriana,371,171.00961894323342,2013-07-01
Ambohidratrimo,359,177.00961894323342,2013-07-01
Anjozorobe,369,163.00961894323342,2013-07-01
Ankazobe,337,168.00961894323342,2013-07-01
Andramasina,318,157.5,2013-08-01
Antananarivo-Avaradrano,292,157.5,2013-08-01
Antananarivo-Atsimondrano,298,155.5,2013-08-01
Manjakandriana,295,153.5,2013-08-01
Ambohidratrimo,328,160.5,2013-08-01
Anjozorobe,331,163.5,2013-08-01
Ankazobe,304,165.5,2013-08-01
Andramasina,297,165.0,2013-09-01
Antananarivo-Avaradrano,318,163.0,2013-09-01
Antananarivo-Atsimondrano,304,174.0,2013-09-01
Manjakandriana,315,167.0,2013-09-01
Ambohidratrimo,310,172.0,2013-09-01
Anjozorobe,297,159.0,2013-09-01
Ankazobe,296,171.0,2013-09-01
Andramasina,305,171.5,2013-10-01
Antananarivo-Avaradrano,315,167.5,2013-10-01
Antananarivo-Atsimondrano,315,162.5,2013-10-01
Manjakandriana,331,165.5,2013-10-01
Ambohidratrimo,310,172.5,2013-10-01
Anjozorobe,292,181.5,2013-10-01
Ankazobe,303,167.5,2013-10-01
Andramasina,307,177.99038105676658,2013-11-01
Antananarivo-Avaradrano,302,174.99038105676658,2013-11-01
Antananarivo-Atsimondrano,318,180.99038105676658,2013-11-01
Manjakandriana,322,178.99038105676658,2013-11-01
Ambohidratrimo,338,171.99038105676658,2013-11-01
Anjozorobe,313,168.99038105676658,2013-11-01
Ankazobe,325,184.99038105676658,2013-11-01
Andramasina,321,190.0,2013-12-01
Antananarivo-Avaradrano,342,188.0,2013-12-01
Antananarivo-Atsimondrano,312,188.0,2013-12-01
Manjakandriana,318,190.0,2013-12-01
Ambohidratrimo,343,171.0,2013-12-01
Anjozorobe,339,184.0,2013-12-01
Ankazobe,343,178.0,2013-12-01
Andramasina,346,182.99038105676658,2014-01-01
Antananarivo-Avaradrano,358,188.99038105676658,2014-01-01
Antananarivo-Atsimondrano,347,178.99038105676658,2014-01-01
Manjakandriana,338,178.99038105676658,2014-01-01
Ambohidratrimo,343,179.99038105676658,2014-01-01
Anjozorobe,358,183.99038105676658,2014-01-01
Ankazobe,357,190.99038105676658,2014-01-01
Andramasina,342,184.5,2014-02-01
Antananarivo-Avaradrano,345,173.5,2014-02-01
Antananarivo-Atsimondrano,340,176.5,2014-02-01
Manjakandriana,371,177.5,2014-02-01
Ambohidratrimo,354,176.5,2014-02-01
Anjozorobe,377,181.5,2014-02-01
Ankazobe,340,186.5,2014-02-01
Andramasina,361,175.0,2014-03-01
Antananarivo-Avaradrano,343,165.0,2014-03-01
Antananarivo-Atsimondrano,376,173.0,2014-03-01
Manjakandriana,363,161.0,2014-03-01
Ambohidratrimo,344,163.0,2014-03-01
Anjozorobe,378,171.0,2014-03-01
Ankazobe,357,178.0,2014-03-01
Andramasina,364,167.5,2014-04-01
Antananarivo-Avaradrano,358,170.5,2014-04-01
Antananarivo-Atsimondrano,377,155.5,2014-04-01
Manjakandriana,348,159.5,2014-04-01
Ambohidratrimo,352,171.5,2014-04-01
Anjozorobe,370,162.5,2014-04-01
Ankazobe,353,166.5,2014-04-01
Andramasina,368,147.00961894323342,2014-05-01
Antananarivo-Avaradrano,352,150.00961894323342,2014-05-01
Antananarivo-Atsimondrano,335,152.00961894323342,2014-05-01
Manjakandriana,334,163.00961894323342,2014-05-01
Ambohidratrimo,348,166.00961894323342,2014-05-01
Anjozorobe,330,161.00961894323342,2014-05-01
Ankazobe,360,154.00961894323342,2014-05-01
Andramasina,328,152.0,2014-06-01
Antananarivo-Avaradrano,326,157.0,2014-06-01
Antananarivo-Atsimondrano,353,159.0,2014-06-01
Manjakandriana,346,163.0,2014-06-01
Ambohidratrimo,338,147.0,2014-06-01
Anjozorobe,351,157.0,2014-06-01
Ankazobe,333,161.0,2014-06-01
Andramasina,360,172.00961894323342,2014-07-01
Antananarivo-Avaradrano,355,176.00961894323342,2014-07-01
Antananarivo-Atsimondrano,395,182.00961894323342,2014-07-01
Manjakandriana,374,192.00961894323342,2014-07-01
Ambohidratrimo,373,176.00961894323342,2014-07-01
Anjozorobe,388,188.00961894323342,2014-07-01
Ankazobe,396,174.00961894323342,2014-07-01
Andramasina,302,158.5,2014-08-01
Antananarivo-Avaradrano,330,157.5,2014-08-01
Antananarivo-Atsimondrano,330,160.5,2014-08-01
Manjakandriana,321,169.5,2014-08-01
Ambohidratrimo,309,158.5,2014-08-01
Anjozorobe,314,171.5,2014-08-01
Ankazobe,331,156.5,2014-08-01
Andramasina,337,163.0,2014-09-01
Antananarivo-Avaradrano,334,168.0,2014-09-01
Antananarivo-Atsimondrano,319,169.0,2014-09-01
Manjakandriana,328,172.0,2014-09-01
Ambohidratrimo,304,176.0,2014-09-01
Anjozorobe,315,160.0,2014-09-01
Ankazobe,339,169.0,2014-09-01
Andramasina,325,181.5,2014-10-01
Antananarivo-Avaradrano,329,181.5,2014-10-01
Antananarivo-Atsimondrano,303,185.5,2014-10-01
Manjakandriana,333,187.5,2014-10-01
Ambohidratrimo,319,175.5,2014-10-01
Anjozorobe,306,177.5,2014-10-01
Ankazobe,315,169.5,2014-10-01
Andramasina,343,188.99038105676658,2014-11-01
Antananarivo-Avaradrano,344,185.99038105676658,2014-11-01
Antananarivo-Atsimondrano,350,180.99038105676658,2014-11-01
Manjakandriana,326,186.99038105676658,2014-11-01
Ambohidratrimo,346,187.99038105676658,2014-11-01
Anjozorobe,318,189.99038105676658,2014-11-01
Ankazobe,321,189.99038105676658,2014-11-01
Andramasina,325,187.0,2014-12-01
Antananarivo-Avaradrano,345,181.0,2014-12-01
Antananarivo-Atsimondrano,326,183.0,2014-12-01
Manjakandriana,340,192.0,2014-12-01
Ambohidratrimo,336,185.0,2014-12-01
Anjozorobe,346,176.0,2014-12-01
Ankazobe,329,176.0,2014-12-01
Andramasina,345,182.99038105676658,2015-01-01
Antananarivo-Avaradrano,374,187.99038105676658,2015-01-01
Antananarivo-Atsimondrano,368,181.99038105676658,2015-01-01
Manjakandriana,378,178.99038105676658,2015-01-01
Ambohidratrimo,367,179.99038105676658,2015-01-01
Anjozorobe,368,192.99038105676658,2015-01-01
Ankazobe,375,180.99038105676658,2015-01-01
Andramasina,348,179.5,2015-02-01
Antananarivo-Avaradrano,380,192.5,2015-02-01
Antananarivo-Atsimondrano,380,190.5,2015-02-01
Manjakandriana,387,185.5,2015-02-01
Ambohidratrimo,367,176.5,2015-02-01
Anjozorobe,355,192.5,2015-02-01
Ankazobe,359,184.5,2015-02-01
Andramasina,369,174.0,2015-03-01
Antananarivo-Avaradrano,358,166.0,2015-03-01
Antananarivo-Atsimondrano,386,173.0,2015-03-01
Manjakandriana,389,168.0,2015-03-01
Ambohidratrimo,380,173.0,2015-03-01
Anjozorobe,350,183.0,2015-03-01
Ankazobe,388,176.0,2015-03-01
Andramasina,364,162.5,2015-04-01
Antananarivo-Avaradrano,386,176.5,2015-04-01
Antananarivo-Atsimondrano,366,169.5,2015-04-01
Manjakandriana,358,172.5,2015-04-01
Ambohidratrimo,364,171.5,2015-04-01
Anjozorobe,385,158.5,2015-04-01
Ankazobe,356,157.5,2015-04-01
Andramasina,368,167.00961894323342,2015-05-01
Antananarivo-Avaradrano,380,158.00961894323342,2015-05-01
Antananarivo-Atsimondrano,349,167.00961894323342,2015-05-01
Manjakandriana,378,155.00961894323342,2015-05-01
Ambohidratrimo,357,162.00961894323342,2015-05-01
Anjozorobe,345,168.00961894323342,2015-05-01
Ankazobe,379,170.00961894323342,2015-05-01
Andramasina,357,159.0,2015-06-01
Antananarivo-Avaradrano,367,163.0,2015-06-01
Antananarivo-Atsimondrano,366,164.0,2015-06-01
Manjakandriana,364,169.0,2015-06-01
Ambohidratrimo,352,157.0,2015-06-01
Anjozorobe,338,152.0,2015-06-01
Ankazobe,345,165.0,2015-06-01
Andramasina,383,184.00961894323342,2015-07-01
Antananarivo-Avaradrano,401,186.00961894323342,2015-07-01
Antananarivo-Atsimondrano,402,188.00961894323342,2015-07-01
Manjakandriana,408,187.00961894323342,2015-07-01
Ambohidratrimo,407,184.00961894323342,2015-07-01
Anjozorobe,362,187.00961894323342,2015-07-01
Ankazobe,363,195.00961894323342,2015-07-01
Andramasina,331,172.5,2015-08-01
Antananarivo-Avaradrano,346,163.5,2015-08-01
Antananarivo-Atsimondrano,340,159.5,2015-08-01
Manjakandriana,337,171.5,2015-08-01
Ambohidratrimo,320,177.5,2015-08-01
Anjozorobe,327,171.5,2015-08-01
Ankazobe,321,167.5,2015-08-01
Andramasina,339,169.0,2015-09-01
Antananarivo-Avaradrano,338,169.0,2015-09-01
Antananarivo-Atsimondrano,312,170.0,2015-09-01
Manjakandriana,325,170.0,2015-09-01
Ambohidratrimo,319,168.0,2015-09-01
Anjozorobe,320,171.0,2015-09-01
Ankazobe,329,184.0,2015-09-01
Andramasina,352,182.5,2015-10-01
Antananarivo-Avaradrano,315,183.5,2015-10-01
Antananarivo-Atsimondrano,319,173.5,2015-10-01
Manjakandriana,319,184.5,2015-10-01
Ambohidratrimo,318,183.5,2015-10-01
Anjozorobe,328,174.5,2015-10-01
Ankazobe,318,178.5,2015-10-01
Andramasina,330,192.99038105676658,2015-11-01
Antananarivo-Avaradrano,321,184.99038105676658,2015-11-01
Antananarivo-Atsimondrano,348,194.99038105676658,2015-11-01
Manjakandriana,323,197.99038105676658,2015-11-01
Ambohidratrimo,337,183.99038105676658,2015-11-01
Anjozorobe,346,188.99038105676658,2015-11-01
Ankazobe,358,177.99038105676658,2015-11-01
Andramasina,343,182.0,2015-12-01
Antananarivo-Avaradrano,350,185.0,2015-12-01
Antananarivo-Atsimondrano,333,198.0,2015-12-01
Manjakandriana,339,187.0,2015-12-01
Ambohidratrimo,365,189.0,2015-12-01
Anjozorobe,347,182.0,2015-12-01
Ankazobe,330,192.0,2015-12-01
Andramasina,355,195.99038105676658,2016-01-01
Antananarivo-Avaradrano,369,201.99038105676658,2016-01-01
Antananarivo-Atsimondrano,386,197.99038105676658,2016-01-01
Manjakandriana,369,187.99038105676658,2016-01-01
Ambohidratrimo,377,182.99038105676658,2016-01-01
Anjozorobe,388,200.99038105676658,2016-01-01
Ankazobe,387,187.99038105676658,2016-01-01
Andramasina,387,191.5,2016-02-01
Antananarivo-Avaradrano,384,183.5,2016-02-01
Antananarivo-Atsimondrano,364,183.5,2016-02-01
Manjakandriana,360,187.5,2016-02-01
Ambohidratrimo,362,191.5,2016-02-01
Anjozorobe,370,191.5,2016-02-01
Ankazobe,368,187.5,2016-02-01
Andramasina,364,175.0,2016-03-01
Antananarivo-Avaradrano,386,170.0,2016-03-01
Antananarivo-Atsimondrano,400,186.0,2016-03-01
Manjakandriana,396,188.0,2016-03-01
Ambohidratrimo,378,179.0,2016-03-01
Anjozorobe,395,174.0,2016-03-01
Ankazobe,390,175.0,2016-03-01
Andramasina,387,164.5,2016-04-01
Antananarivo-Avaradrano,387,173.5,2016-04-01
Antananarivo-Atsimondrano,371,168.5,2016-04-01
Manjakandriana,378,163.5,2016-04-01
Ambohidratrimo,369,180.5,2016-04-01
Anjozorobe,394,162.5,2016-04-01
Ankazobe,371,180.5,2016-04-01
Andramasina,353,157.00961894323342,2016-05-01
Antananarivo-Avaradrano,366,159.00961894323342,2016-05-01
Antananarivo-Atsimondrano,364,161.00961894323342,2016-05-01
Manjakandriana,371,163.00961894323342,2016-05-01
Ambohidratrimo,383,162.00961894323342,2016-05-01
Anjozorobe,365,169.00961894323342,2016-05-01
Ankazobe,366,176.00961894323342,2016-05-01
Andramasina,358,156.0,2016-06-01
Antananarivo-Avaradrano,380,159.0,2016-06-01
Antananarivo-Atsimondrano,341,164.0,2016-06-01
Manjakandriana,363,161.0,2016-06-01
Ambohidratrimo,349,158.0,2016-06-01
Anjozorobe,369,165.0,2016-06-01
Ankazobe,363,160.0,2016-06-01
Andramasina,383,188.00961894323342,2016-07-01
Antananarivo-Avaradrano,398,182.00961894323342,2016-07-01
Antananarivo-Atsimondrano,374,198.00961894323342,2016-07-01
Manjakandriana,378,186.00961894323342,2016-07-01
Ambohidratrimo,398,190.00961894323342,2016-07-01
Anjozorobe,405,192.00961894323342,2016-07-01
Ankazobe,389,196.00961894323342,2016-07-01
Andramasina,356,170.5,2016-08-01
Antananarivo-Avaradrano,342,181.5,2016-08-01
Antananarivo-Atsimondrano,325,170.5,2016-08-01
Manjakandriana,324,182.5,2016-08-01
Ambohidratrimo,359,178.5,2016-08-01
Anjozorobe,359,165.5,2016-08-01
Ankazobe,360,165.5,2016-08-01
Andramasina,337,187.0,2016-09-01
Antananarivo-Avaradrano,343,172.0,2016-09-01
Antananarivo-Atsimondrano,346,181.0,2016-09-01
Manjakandriana,320,170.0,2016-09-01
Ambohidratrimo,333,186.0,2016-09-01
Anjozorobe,323,187.0,2016-09-01
Ankazobe,355,175.0,2016-09-01
Andramasina,337,182.5,2016-10-01
Antananarivo-Avaradrano,353,193.5,2016-10-01
Antananarivo-Atsimondrano,328,195.5,2016-10-01
Manjakandriana,323,197.5,2016-10-01
Ambohidratrimo,358,183.5,2016-10-01
Anjozorobe,345,194.5,2016-10-01
Ankazobe,331,179.5,2016-10-01
Andramasina,358,201.99038105676658,2016-11-01
Antananarivo-Avaradrano,347,194.99038105676658,2016-11-01
Antananarivo-Atsimondrano,337,186.99038105676658,2016-11-01
Manjakandriana,331,202.99038105676658,2016-11-01
Ambohidratrimo,332,200.99038105676658,2016-11-01
Anjozorobe,336,195.99038105676658,2016-11-01
Ankazobe,349,188.99038105676658,2016-11-01
Andramasina,374,193.0,2016-12-01
Antananarivo-Avaradrano,352,200.0,2016-12-01
Antananarivo-Atsimondrano,363,186.0,2016-12-01
Manjakandriana,362,185.0,2016-12-01
Ambohidratrimo,341,197.0,2016-12-01
Anjozorobe,342,201.0,2016-12-01
Ankazobe,375,186.0,2016-12-01
Andramasina,392,202.99038105676658,2017-01-01
Antananarivo-Avaradrano,392,207.99038105676658,2017-01-01
Antananarivo-Atsimondrano,385,191.99038105676658,2017-01-01
Manjakandriana,384,200.99038105676658,2017-01-01
Ambohidratrimo,380,206.99038105676658,2017-01-01
Anjozorobe,373,187.99038105676658,2017-01-01
Ankazobe,363,203.99038105676658,2017-01-01
Andramasina,392,184.5,2017-02-01
Antananarivo-Avaradrano,390,184.5,2017-02-01
Antananarivo-Atsimondrano,394,188.5,2017-02-01
Manjakandriana,407,193.5,2017-02-01
Ambohidratrimo,388,186.5,2017-02-01
Anjozorobe,378,195.5,2017-02-01
Ankazobe,389,187.5,2017-02-01
Andramasina,375,176.0,2017-03-01
Antananarivo-Avaradrano,378,180.0,2017-03-01
Antananarivo-Atsimondrano,400,189.0,2017-03-01
Manjakandriana,378,175.0,2017-03-01
Ambohidratrimo,377,180.0,2017-03-01
Anjozorobe,405,186.0,2017-03-01
Ankazobe,387,192.0,2017-03-01
Andramasina,387,183.5,2017-04-01
Antananarivo-Avaradrano,406,187.5,2017-04-01
Antananarivo-Atsimondrano,378,183.5,2017-04-01
Manjakandriana,379,181.5,2017-04-01
Ambohidratrimo,393,182.5,2017-04-01
Anjozorobe,387,169.5,2017-04-01
Ankazobe,401,173.5,2017-04-01
Andramasina,383,172.00961894323342,2017-05-01
Antananarivo-Avaradrano,378,180.00961894323342,2017-05-01
Antananarivo-Atsimondrano,370,178.00961894323342,2017-05-01
Manjakandriana,374,182.00961894323342,2017-05-01
Ambohidratrimo,376,169.00961894323342,2017-05-01
Anjozorobe,395,174.00961894323342,2017-05-01
Ankazobe,360,175.00961894323342,2017-05-01
Andramasina,382,166.0,2017-06-01
Antananarivo-Avaradrano,366,175.0,2017-06-01
Antananarivo-Atsimondrano,359,168.0,2017-06-01
Manjakandriana,373,175.0,2017-06-01
Ambohidratrimo,350,162.0,2017-06-01
Anjozorobe,359,174.0,2017-06-01
Ankazobe,376,167.0,2017-06-01
Andramasina,399,193.00961894323342,2017-07-01
Antananarivo-Avaradrano,399,198.00961894323342,2017-07-01
Antananarivo-Atsimondrano,404,205.00961894323342,2017-07-01
Manjakandriana,393,208.00961894323342,2017-07-01
Ambohidratrimo,408,186.00961894323342,2017-07-01
Anjozorobe,402,194.00961894323342,2017-07-01
Ankazobe,395,207.00961894323342,2017-07-01
Andramasina,354,176.5,2017-08-01
Antananarivo-Avaradrano,350,179.5,2017-08-01
Antananarivo-Atsimondrano,351,173.5,2017-08-01
Manjakandriana,349,180.5,2017-08-01
Ambohidratrimo,363,167.5,2017-08-01
Anjozorobe,361,174.5,2017-08-01
Ankazobe,340,181.5,2017-08-01
Andramasina,359,185.0,2017-09-01
Antananarivo-Avaradrano,330,181.0,2017-09-01
Antananarivo-Atsimondrano,348,189.0,2017-09-01
Manjakandriana,356,182.0,2017-09-01
Ambohidratrimo,345,188.0,2017-09-01
Anjozorobe,353,175.0,2017-09-01
Ankazobe,340,194.0,2017-09-01
Andramasina,337,186.5,2017-10-01
Antananarivo-Avaradrano,354,187.5,2017-10-01
Antananarivo-Atsimondrano,346,195.5,2017-10-01
Manjakandriana,370,184.5,2017-10-01
Ambohidratrimo,337,185.5,2017-10-01
Anjozorobe,341,189.5,2017-10-01
Ankazobe,342,192.5,2017-10-01
Andramasina,363,196.99038105676658,2017-11-01
Antananarivo-Avaradrano,341,194.99038105676658,2017-11-01
Antananarivo-Atsimondrano,371,193.99038105676658,2017-11-01
Manjakandriana,379,187.99038105676658,2017-11-01
Ambohidratrimo,346,203.99038105676658,2017-11-01
Anjozorobe,366,205.99038105676658,2017-11-01
Ankazobe,357,187.99038105676658,2017-11-01
Andramasina,368,196.0,2017-12-01
Antananarivo-Avaradrano,389,194.0,2017-12-01
Antananarivo-Atsimondrano,381,203.0,2017-12-01
Manjakandriana,387,207.0,2017-12-01
Ambohidratrimo,359,206.0,2017-12-01
Anjozorobe,358,205.0,2017-12-01
Ankazobe,361,195.0,2017-12-01
Andramasina,397,198.99038105676658,2018-01-01
Antananarivo-Avaradrano,395,203.99038105676658,2018-01-01
Antananarivo-Atsimondrano,401,193.99038105676658,2018-01-01
Manjakandriana,404,194.99038105676658,2018-01-01
Ambohidratrimo,404,192.99038105676658,2018-01-01
Anjozorobe,388,212.99038105676658,2018-01-01
Ankazobe,409,211.99038105676658,2018-01-01
Andramasina,413,205.5,2018-02-01
Antananarivo-Avaradrano,415,195.5,2018-02-01
Antananarivo-Atsimondrano,395,198.5,2018-02-01
Manjakandriana,393,203.5,2018-02-01
Ambohidratrimo,397,202.5,2018-02-01
Anjozorobe,386,193.5,2018-02-01
Ankazobe,412,202.5,2018-02-01
Andramasina,383,181.0,2018-03-01
Antananarivo-Avaradrano,398,199.0,2018-03-01
Antananarivo-Atsimondrano,412,199.0,2018-03-01
Manjakandriana,385,182.0,2018-03-01
Ambohidratrimo,387,194.0,2018-03-01
Anjozorobe,420,194.0,2018-03-01
Ankazobe,417,190.0,2018-03-01
Andramasina,378,182.5,2018-04-01
Antananarivo-Avaradrano,378,185.5,2018-04-01
Antananarivo-Atsimondrano,400,175.5,2018-04-01
Manjakandriana,384,177.5,2018-04-01
Ambohidratrimo,405,176.5,2018-04-01
Anjozorobe,394,186.5,2018-04-01
Ankazobe,385,184.5,2018-04-01
Andramasina,397,173.00961894323342,2018-05-01
Antananarivo-Avaradrano,392,182.00961894323342,2018-05-01
Antananarivo-Atsimondrano,399,171.00961894323342,2018-05-01
Manjakandriana,387,176.00961894323342,2018-05-01
Ambohidratrimo,401,181.00961894323342,2018-05-01
Anjozorobe,399,167.00961894323342,2018-05-01
Ankazobe,376,173.00961894323342,2018-05-01
Andramasina,388,183.0,2018-06-01
Antananarivo-Avaradrano,400,167.0,2018-06-01
Antananarivo-Atsimondrano,398,173.0,2018-06-01
Manjakandriana,399,171.0,2018-06-01
Ambohidratrimo,372,174.0,2018-06-01
Anjozorobe,362,182.0,2018-06-01
Ankazobe,381,169.0,2018-06-01
Andramasina,411,204.00961894323342,2018-07-01
Antananarivo-Avaradrano,395,202.00961894323342,2018-07-01
Antananarivo-Atsimondrano,435,204.00961894323342,2018-07-01
Manjakandriana,419,214.00961894323342,2018-07-01
Ambohidratrimo,439,205.00961894323342,2018-07-01
Anjozorobe,395,199.00961894323342,2018-07-01
Ankazobe,419,202.00961894323342,2018-07-01
Andramasina,345,188.5,2018-08-01
Antananarivo-Avaradrano,368,176.5,2018-08-01
Antananarivo-Atsimondrano,342,186.5,2018-08-01
Manjakandriana,373,186.5,2018-08-01
Ambohidratrimo,360,187.5,2018-08-01
Anjozorobe,359,190.5,2018-08-01
Ankazobe,348,186.5,2018-08-01
Andramasina,353,182.0,2018-09-01
Antananarivo-Avaradrano,373,197.0,2018-09-01
Antananarivo-Atsimondrano,365,183.0,2018-09-01
Manjakandriana,374,194.0,2018-09-01
Ambohidratrimo,358,185.0,2018-09-01
Anjozorobe,355,183.0,2018-09-01
Ankazobe,361,188.0,2018-09-01
Andramasina,348,190.5,2018-10-01
Antananarivo-Avaradrano,352,193.5,2018-10-01
Antananarivo-Atsimondrano,365,200.5,2018-10-01
Manjakandriana,365,197.5,2018-10-01
Ambohidratrimo,376,197.5,2018-10-01
Anjozorobe,371,187.5,2018-10-01
Ankazobe,372,198.5,2018-10-01
Andramasina,388,201.99038105676658,2018-11-01
Antananarivo-Avaradrano,382,193.99038105676658,2018-11-01
Antananarivo-Atsimondrano,387,193.99038105676658,2018-11-01
Manjakandriana,360,212.99038105676658,2018-11-01
Ambohidratrimo,390,192.99038105676658,2018-11-01
Anjozorobe,389,193.99038105676658,2018-11-01
Ankazobe,354,200.99038105676658,2018-11-01
Andramasina,396,203.0,2018-12-01
Antananarivo-Avaradrano,379,210.0,2018-12-01
Antananarivo-Atsimondrano,382,213.0,2018-12-01
Manjakandriana,369,208.0,2018-12-01
Ambohidratrimo,362,202.0,2018-12-01
Anjozorobe,375,205.0,2018-12-01
Ankazobe,369,213.0,2018-12-01
Andramasina,419,202.99038105676658,2019-01-01
Antananarivo-Avaradrano,392,203.99038105676658,2019-01-01
Antananarivo-Atsimondrano,396,201.99038105676658,2019-01-01
Manjakandriana,399,211.99038105676658,2019-01-01
Ambohidratrimo,399,217.99038105676658,2019-01-01
Anjozorobe,398,201.99038105676658,2019-01-01
Ankazobe,397,217.99038105676658,2019-01-01
Andramasina,395,199.5,2019-02-01
Antananarivo-Avaradrano,390,192.5,2019-02-01
Antananarivo-Atsimondrano,399,203.5,2019-02-01
Manjakandriana,421,206.5,2019-02-01
Ambohidratrimo,419,210.5,2019-02-01
Anjozorobe,420,195.5,2019-02-01
Ankazobe,399,198.5,2019-02-01
Andramasina,398,189.0,2019-03-01
Antananarivo-Avaradrano,391,202.0,2019-03-01
Antananarivo-Atsimondrano,426,194.0,2019-03-01
Manjakandriana,408,185.0,2019-03-01
Ambohidratrimo,426,192.0,2019-03-01
Anjozorobe,404,189.0,2019-03-01
Ankazobe,425,196.0,2019-03-01
Andramasina,400,188.5,2019-04-01
Antananarivo-Avaradrano,390,186.5,2019-04-01
Antananarivo-Atsimondrano,388,180.5,2019-04-01
Manjakandriana,420,183.5,2019-04-01
Ambohidratrimo,420,186.5,2019-04-01
Anjozorobe,399,197.5,2019-04-01
Ankazobe,404,177.5,2019-04-01
Andramasina,413,173.00961894323342,2019-05-01
Antananarivo-Avaradrano,409,175.00961894323342,2019-05-01
Antananarivo-Atsimondrano,419,173.00961894323342,2019-05-01
Manjakandriana,389,187.00961894323342,2019-05-01
Ambohidratrimo,420,189.00961894323342,2019-05-01
Anjozorobe,418,174.00961894323342,2019-05-01
Ankazobe,382,175.00961894323342,2019-05-01
Andramasina,384,172.0,2019-06-01
Antananarivo-Avaradrano,375,172.0,2019-06-01
Antananarivo-Atsimondrano,389,173.0,2019-06-01
Manjakandriana,402,188.0,2019-06-01
Ambohidratrimo,379,170.0,2019-06-01
Anjozorobe,390,179.0,2019-06-01
Ankazobe,379,184.0,2019-06-01
Andramasina,442,206.00961894323342,2019-07-01
Antananarivo-Avaradrano,416,203.00961894323342,2019-07-01
Antananarivo-Atsimondrano,403,201.00961894323342,2019-07-01
Manjakandriana,428,208.00961894323342,2019-07-01
Ambohidratrimo,394,201.00961894323342,2019-07-01
Anjozorobe,421,210.00961894323342,2019-07-01
Ankazobe,411,205.00961894323342,2019-07-01
Andramasina,370,179.5,2019-08-01
Antananarivo-Avaradrano,374,184.5,2019-08-01
Antananarivo-Atsimondrano,387,183.5,2019-08-01
Manjakandriana,388,181.5,2019-08-01
Ambohidratrimo,375,184.5,2019-08-01
Anjozorobe,355,192.5,2019-08-01
Ankazobe,386,184.5,2019-08-01
Andramasina,352,200.0,2019-09-01
Antananarivo-Avaradrano,379,191.0,2019-09-01
Antananarivo-Atsimondrano,384,194.0,2019-09-01
Manjakandriana,366,193.0,2019-09-01
Ambohidratrimo,382,199.0,2019-09-01
Anjozorobe,365,204.0,2019-09-01
Ankazobe,358,197.0,2019-09-01
Andramasina,364,199.5,2019-10-01
Antananarivo-Avaradrano,377,201.5,2019-10-01
Antananarivo-Atsimondrano,390,203.5,2019-10-01
Manjakandriana,369,197.5,2019-10-01
Ambohidratrimo,370,193.5,2019-10-01
Anjozorobe,358,194.5,2019-10-01
Ankazobe,367,197.5,2019-10-01
Andramasina,380,212.99038105676658,2019-11-01
Antananarivo-Avaradrano,365,211.99038105676658,2019-11-01
Antananarivo-Atsimondrano,360,212.99038105676658,2019-11-01
Manjakandriana,373,201.99038105676658,2019-11-01
Ambohidratrimo,368,216.99038105676658,2019-11-01
Anjozorobe,364,204.99038105676658,2019-11-01
Ankazobe,386,215.99038105676658,2019-11-01
Andramasina,380,206.0,2019-12-01
Antananarivo-Avaradrano,408,203.0,2019-12-01
Antananarivo-Atsimondrano,407,217.0,2019-12-01
Manjakandriana,405,217.0,2019-12-01
Ambohidratrimo,391,217.0,2019-12-01
Anjozorobe,410,201.0,2019-12-01
Ankazobe,371,210.0,2019-12-01
Andramasina,423,208.99038105676658,2020-01-01
Antananarivo-Avaradrano,399,209.99038105676658,2020-01-01
Antananarivo-Atsimondrano,408,222.99038105676658,2020-01-01
Manjakandriana,414,220.99038105676658,2020-01-01
Ambohidratrimo,413,216.99038105676658,2020-01-01
Anjozorobe,393,216.99038105676658,2020-01-01
Ankazobe,425,222.99038105676658,2020-01-01
Andramasina,418,209.5,2020-02-01
Antananarivo-Avaradrano,428,207.5,2020-02-01
Antananarivo-Atsimondrano,412,212.5,2020-02-01
Manjakandriana,408,200.5,2020-02-01
Ambohidratrimo,397,215.5,2020-02-01
Anjozorobe,426,207.5,2020-02-01
Ankazobe,419,202.5,2020-02-01
Andramasina,410,199.0,2020-03-01
Antananarivo-Avaradrano,428,207.0,2020-03-01
Antananarivo-Atsimondrano,414,206.0,2020-03-01
Manjakandriana,415,206.0,2020-03-01
Ambohidratrimo,418,197.0,2020-03-01
Anjozorobe,400,196.0,2020-03-01
Ankazobe,425,198.0,2020-03-01
Andramasina,415,190.5,2020-04-01
Antananarivo-Avaradrano,405,189.5,2020-04-01
Antananarivo-Atsimondrano,417,194.5,2020-04-01
Manjakandriana,404,183.5,2020-04-01
Ambohidratrimo,433,196.5,2020-04-01
Anjozorobe,426,198.5,2020-04-01
Ankazobe,397,184.5,2020-04-01
Andramasina,390,193.00961894323342,2020-05-01
Antananarivo-Avaradrano,394,185.00961894323342,2020-05-01
Antananarivo-Atsimondrano,430,182.00961894323342,2020-05-01
Manjakandriana,427,189.00961894323342,2020-05-01
Ambohidratrimo,404,180.00961894323342,2020-05-01
Anjozorobe,405,189.00961894323342,2020-05-01
Ankazobe,412,192.00961894323342,2020-05-01
Andramasina,390,185.0,2020-06-01
Antananarivo-Avaradrano,403,175.0,2020-06-01
Antananarivo-Atsimondrano,417,192.0,2020-06-01
Manjakandriana,385,180.0,2020-06-01
Ambohidratrimo,410,193.0,2020-06-01
Anjozorobe,409,176.0,2020-06-01
Ankazobe,397,175.0,2020-06-01
Andramasina,407,215.00961894323342,2020-07-01
Antananarivo-Avaradrano,422,200.00961894323342,2020-07-01
Antananarivo-Atsimondrano,417,207.00961894323342,2020-07-01
Manjakandriana,421,208.00961894323342,2020-07-01
Ambohidratrimo,431,207.00961894323342,2020-07-01
Anjozorobe,423,207.00961894323342,2020-07-01
Ankazobe,423,210.00961894323342,2020-07-01
Andramasina,390,196.5,2020-08-01
Antananarivo-Avaradrano,392,201.5,2020-08-01
Antananarivo-Atsimondrano,393,183.5,2020-08-01
Manjakandriana,385,202.5,2020-08-01
Ambohidratrimo,394,197.5,2020-08-01
Anjozorobe,382,192.5,2020-08-01
Ankazobe,390,192.5,2020-08-01
Andramasina,367,195.0,2020-09-01
Antananarivo-Avaradrano,377,194.0,2020-09-01
Antananarivo-Atsimondrano,383,208.0,2020-09-01
Manjakandriana,375,192.0,2020-09-01
Ambohidratrimo,374,208.0,2020-09-01
Anjozorobe,381,200.0,2020-09-01
Ankazobe,385,197.0,2020-09-01
Andramasina,376,201.5,2020-10-01
Antananarivo-Avaradrano,380,197.5,2020-10-01
Antananarivo-Atsimondrano,362,202.5,2020-10-01
Manjakandriana,385,200.5,2020-10-01
Ambohidratrimo,369,198.5,2020-10-01
Anjozorobe,374,212.5,2020-10-01
Ankazobe,385,215.5,2020-10-01
Andramasina,405,205.99038105676658,2020-11-01
Antananarivo-Avaradrano,395,218.99038105676658,2020-11-01
Antananarivo-Atsimondrano,382,210.99038105676658,2020-11-01
Manjakandriana,398,215.99038105676658,2020-11-01
Ambohidratrimo,394,212.99038105676658,2020-11-01
Anjozorobe,396,206.99038105676658,2020-11-01
Ankazobe,408,213.99038105676658,2020-11-01
Andramasina,407,209.0,2020-12-01
Antananarivo-Avaradrano,406,218.0,2020-12-01
Antananarivo-Atsimondrano,394,218.0,2020-12-01
Manjakandriana,396,215.0,2020-12-01
Ambohidratrimo,387,221.0,2020-12-01
Anjozorobe,408,220.0,2020-12-01
Ankazobe,399,207.0,2020-12-01
Andramasina,405,225.99038105676658,2021-01-01
Antananarivo-Avaradrano,434,212.99038105676658,2021-01-01
Antananarivo-Atsimondrano,426,214.99038105676658,2021-01-01
Manjakandriana,414,221.99038105676658,2021-01-01
Ambohidratrimo,417,216.99038105676658,2021-01-01
Anjozorobe,420,214.99038105676658,2021-01-01
Ankazobe,407,212.99038105676658,2021-01-01
Andramasina,430,210.5,2021-02-01
Antananarivo-Avaradrano,435,213.5,2021-02-01
Antananarivo-Atsimondrano,437,220.5,2021-02-01
Manjakandriana,427,220.5,2021-02-01
Ambohidratrimo,432,202.5,2021-02-01
Anjozorobe,415,204.5,2021-02-01
Ankazobe,444,215.5,2021-02-01
Andramasina,442,198.0,2021-03-01
Antananarivo-Avaradrano,420,208.0,2021-03-01
Antananarivo-Atsimondrano,440,201.0,2021-03-01
Manjakandriana,433,208.0,2021-03-01
Ambohidratrimo,441,215.0,2021-03-01
Anjozorobe,423,198.0,2021-03-01
Ankazobe,420,201.0,2021-03-01
Andramasina,444,205.5,2021-04-01
Antananarivo-Avaradrano,441,191.5,2021-04-01
Antananarivo-Atsimondrano,444,203.5,2021-04-01
Manjakandriana,444,196.5,2021-04-01
Ambohidratrimo,440,194.5,2021-04-01
Anjozorobe,421,195.5,2021-04-01
Ankazobe,408,195.5,2021-04-01
Andramasina,403,184.00961894323342,2021-05-01
Antananarivo-Avaradrano,408,199.00961894323342,2021-05-01
Antananarivo-Atsimondrano,428,185.00961894323342,2021-05-01
Manjakandriana,413,183.00961894323342,2021-05-01
Ambohidratrimo,411,202.00961894323342,2021-05-01
Anjozorobe,401,185.00961894323342,2021-05-01
Ankazobe,427,197.00961894323342,2021-05-01
Andramasina,430,196.0,2021-06-01
Antananarivo-Avaradrano,417,185.0,2021-06-01
Antananarivo-Atsimondrano,417,185.0,2021-06-01
Manjakandriana,413,194.0,2021-06-01
Ambohidratrimo,393,197.0,2021-06-01
Anjozorobe,406,200.0,2021-06-01
Ankazobe,411,200.0,2021-06-01
Andramasina,437,224.00961894323342,2021-07-01
Antananarivo-Avaradrano,441,210.00961894323342,2021-07-01
Antananarivo-Atsimondrano,421,209.00961894323342,2021-07-01
Manjakandriana,464,229.00961894323342,2021-07-01
Ambohidratrimo,468,223.00961894323342,2021-07-01
Anjozorobe,445,213.00961894323342,2021-07-01
Ankazobe,454,221.00961894323342,2021-07-01
Andramasina,395,206.5,2021-08-01
Antananarivo-Avaradrano,399,197.5,2021-08-01
Antananarivo-Atsimondrano,403,202.5,2021-08-01
Manjakandriana,383,197.5,2021-08-01
Ambohidratrimo,391,192.5,2021-08-01
Anjozorobe,401,197.5,2021-08-01
Ankazobe,373,191.5,2021-08-01
Andramasina,389,198.0,2021-09-01
Antananarivo-Avaradrano,405,201.0,2021-09-01
Antananarivo-Atsimondrano,404,210.0,2021-09-01
Manjakandriana,396,210.0,2021-09-01
Ambohidratrimo,397,205.0,2021-09-01
Anjozorobe,400,208.0,2021-09-01
Ankazobe,387,211.0,2021-09-01
Andramasina,411,207.5,2021-10-01
Antananarivo-Avaradrano,397,212.5,2021-10-01
Antananarivo-Atsimondrano,385,202.5,2021-10-01
Manjakandriana,398,204.5,2021-10-01
Ambohidratrimo,385,211.5,2021-10-01
Anjozorobe,393,209.5,2021-10-01
Ankazobe,404,221.5,2021-10-01
Andramasina,392,212.99038105676658,2021-11-01
Antananarivo-Avaradrano,383,213.99038105676658,2021-11-01
Antananarivo-Atsimondrano,403,219.99038105676658,2021-11-01
Manjakandriana,394,224.99038105676658,2021-11-01
Ambohidratrimo,409,220.99038105676658,2021-11-01
Anjozorobe,399,216.99038105676658,2021-11-01
Ankazobe,393,209.99038105676658,2021-11-01
Andramasina,430,215.0,2021-12-01
Antananarivo-Avaradrano,399,215.0,2021-12-01
Antananarivo-Atsimondrano,416,216.0,2021-12-01
Manjakandriana,420,216.0,2021-12-01
Ambohidratrimo,406,223.0,2021-12-01
Anjozorobe,390,217.0,2021-12-01
Ankazobe,426,219.0,2021-12-01
Andramasina,442,221.99038105676658,2022-01-01
Antananarivo-Avaradrano,443,225.99038105676658,2022-01-01
Antananarivo-Atsimondrano,415,212.99038105676658,2022-01-01
Manjakandriana,413,215.99038105676658,2022-01-01
Ambohidratrimo,436,229.99038105676658,2022-01-01
Anjozorobe,421,232.99038105676658,2022-01-01
Ankazobe,416,219.99038105676658,2022-01-01
Andramasina,440,211.5,2022-02-01
Antananarivo-Avaradrano,427,224.5,2022-02-01
Antananarivo-Atsimondrano,448,224.5,2022-02-01
Manjakandriana,456,219.5,2022-02-01
Ambohidratrimo,420,210.5,2022-02-01
Anjozorobe,437,225.5,2022-02-01
Ankazobe,419,211.5,2022-02-01
Andramasina,425,209.0,2022-03-01
Antananarivo-Avaradrano,421,216.0,2022-03-01
Antananarivo-Atsimondrano,435,210.0,2022-03-01
Manjakandriana,442,210.0,2022-03-01
Ambohidratrimo,437,220.0,2022-03-01
Anjozorobe,420,210.0,2022-03-01
Ankazobe,449,203.0,2022-03-01
Andramasina,449,207.5,2022-04-01
Antananarivo-Avaradrano,428,204.5,2022-04-01
Antananarivo-Atsimondrano,454,196.5,2022-04-01
Manjakandriana,426,208.5,2022-04-01
Ambohidratrimo,434,202.5,2022-04-01
Anjozorobe,448,207.5,2022-04-01
Ankazobe,444,210.5,2022-04-01
Andramasina,426,188.00961894323342,2022-05-01
Antananarivo-Avaradrano,442,189.00961894323342,2022-05-01
Antananarivo-Atsimondrano,422,203.00961894323342,2022-05-01
Manjakandriana,424,198.00961894323342,2022-05-01
Ambohidratrimo,421,201.00961894323342,2022-05-01
Anjozorobe,422,203.00961894323342,2022-05-01
Ankazobe,438,202.00961894323342,2022-05-01
Andramasina,429,187.0,2022-06-01
Antananarivo-Avaradrano,417,188.0,2022-06-01
Antananarivo-Atsimondrano,427,190.0,2022-06-01
Manjakandriana,406,191.0,2022-06-01
Ambohidratrimo,439,197.0,2022-06-01
Anjozorobe,423,198.0,2022-06-01
Ankazobe,413,194.0,2022-06-01
Andramasina,454,226.00961894323342,2022-07-01
Antananarivo-Avaradrano,477,223.00961894323342,2022-07-01
Antananarivo-Atsimondrano,452,216.00961894323342,2022-07-01
Manjakandriana,468,220.00961894323342,2022-07-01
Ambohidratrimo,469,219.00961894323342,2022-07-01
Anjozorobe,446,218.00961894323342,2022-07-01
Ankazobe,437,230.00961894323342,2022-07-01
Andramasina,422,207.5,2022-08-01
Antananarivo-Avaradrano,410,195.5,2022-08-01
Antananarivo-Atsimondrano,407,204.5,2022-08-01
Manjakandriana,393,203.5,2022-08-01
Ambohidratrimo,419,200.5,2022-08-01
Anjozorobe,416,202.5,2022-08-01
Ankazobe,422,211.5,2022-08-01
Andramasina,399,204.0,2022-09-01
Antananarivo-Avaradrano,400,204.0,2022-09-01
Antananarivo-Atsimondrano,384,200.0,2022-09-01
Manjakandriana,389,219.0,2022-09-01
Ambohidratrimo,401,212.0,2022-09-01
Anjozorobe,380,218.0,2022-09-01
Ankazobe,384,220.0,2022-09-01
Andramasina,419,222.5,2022-10-01
Antananarivo-Avaradrano,396,226.5,2022-10-01
Antananarivo-Atsimondrano,406,214.5,2022-10-01
Manjakandriana,395,221.5,2022-10-01
Ambohidratrimo,391,212.5,2022-10-01
Anjozorobe,389,224.5,2022-10-01
Ankazobe,399,209.5,2022-10-01
Andramasina,403,213.99038105676658,2022-11-01
Antananarivo-Avaradrano,400,226.99038105676658,2022-11-01
Antananarivo-Atsimondrano,404,224.99038105676658,2022-11-01
Manjakandriana,411,224.99038105676658,2022-11-01
Ambohidratrimo,397,214.99038105676658,2022-11-01
Anjozorobe,430,229.99038105676658,2022-11-01
Ankazobe,424,215.99038105676658,2022-11-01
Andramasina,400,219.0,2022-12-01
Antananarivo-Avaradrano,437,226.0,2022-12-01
Antananarivo-Atsimondrano,410,219.0,2022-12-01
Manjakandriana,440,216.0,2022-12-01
Ambohidratrimo,438,229.0,2022-12-01
Anjozorobe,431,228.0,2022-12-01
Ankazobe,409,225.0,2022-12-01
Andramasina,434,221.99038105676658,2023-01-01
Antananarivo-Avaradrano,460,232.99038105676658,2023-01-01
Antananarivo-Atsimondrano,432,231.99038105676658,2023-01-01
Manjakandriana,446,231.99038105676658,2023-01-01
Ambohidratrimo,449,222.99038105676658,2023-01-01
Anjozorobe,445,230.99038105676658,2023-01-01
Ankazobe,426,237.99038105676658,2023-01-01
Andramasina,456,226.5,2023-02-01
Antananarivo-Avaradrano,441,231.5,2023-02-01
Antananarivo-Atsimondrano,436,231.5,2023-02-01
Manjakandriana,461,228.5,2023-02-01
Ambohidratrimo,448,215.5,2023-02-01
Anjozorobe,449,217.5,2023-02-01
Ankazobe,462,214.5,2023-02-01
Andramasina,468,220.0,2023-03-01
Antananarivo-Avaradrano,452,221.0,2023-03-01
Antananarivo-Atsimondrano,454,219.0,2023-03-01
Manjakandriana,430,208.0,2023-03-01
Ambohidratrimo,447,208.0,2023-03-01
Anjozorobe,434,208.0,2023-03-01
Ankazobe,439,223.0,2023-03-01
Andramasina,460,198.5,2023-04-01
Antananarivo-Avaradrano,440,213.5,2023-04-01
Antananarivo-Atsimondrano,453,212.5,2023-04-01
Manjakandriana,460,212.5,2023-04-01
Ambohidratrimo,456,208.5,2023-04-01
Anjozorobe,434,198.5,2023-04-01
Ankazobe,447,201.5,2023-04-01
Andramasina,430,212.00961894323342,2023-05-01
Antananarivo-Avaradrano,435,192.00961894323342,2023-05-01
Antananarivo-Atsimondrano,438,209.00961894323342,2023-05-01
Manjakandriana,424,203.00961894323342,2023-05-01
Ambohidratrimo,454,212.00961894323342,2023-05-01
Anjozorobe,430,197.00961894323342,2023-05-01
Ankazobe,428,210.00961894323342,2023-05-01
Andramasina,421,197.0,2023-06-01
Antananarivo-Avaradrano,438,198.0,2023-06-01
Antananarivo-Atsimondrano,444,204.0,2023-06-01
Manjakandriana,418,190.0,2023-06-01
Ambohidratrimo,437,193.0,2023-06-01
Anjozorobe,436,191.0,2023-06-01
Ankazobe,443,202.0,2023-06-01
Andramasina,455,212.00961894323342,2023-07-01
Antananarivo-Avaradrano,439,224.00961894323342,2023-07-01
Antananarivo-Atsimondrano,449,220.00961894323342,2023-07-01
Manjakandriana,450,234.00961894323342,2023-07-01
Ambohidratrimo,462,231.00961894323342,2023-07-01
Anjozorobe,448,218.00961894323342,2023-07-01
Ankazobe,436,230.00961894323342,2023-07-01
Andramasina,415,202.5,2023-08-01
Antananarivo-Avaradrano,408,203.5,2023-08-01
Antananarivo-Atsimondrano,401,200.5,2023-08-01
Manjakandriana,393,206.5,2023-08-01
Ambohidratrimo,419,210.5,2023-08-01
Anjozorobe,395,215.5,2023-08-01
Ankazobe,414,210.5,2023-08-01
Andramasina,412,205.0,2023-09-01
Antananarivo-Avaradrano,425,219.0,2023-09-01
Antananarivo-Atsimondrano,424,225.0,2023-09-01
Manjakandriana,403,223.0,2023-09-01
Ambohidratrimo,428,214.0,2023-09-01
Anjozorobe,401,225.0,2023-09-01
Ankazobe,393,216.0,2023-09-01
Andramasina,420,218.5,2023-10-01
Antananarivo-Avaradrano,410,219.5,2023-10-01
Antananarivo-Atsimondrano,422,213.5,2023-10-01
Manjakandriana,403,220.5,2023-10-01
Ambohidratrimo,405,230.5,2023-10-01
Anjozorobe,396,224.5,2023-10-01
Ankazobe,421,222.5,2023-10-01
Andramasina,434,235.99038105676658,2023-11-01
Antananarivo-Avaradrano,427,235.99038105676658,2023-11-01
Antananarivo-Atsimondrano,435,236.99038105676658,2023-11-01
Manjakandriana,438,227.99038105676658,2023-11-01
Ambohidratrimo,420,234.99038105676658,2023-11-01
Anjozorobe,409,222.99038105676658,2023-11-01
Ankazobe,433,226.99038105676658,2023-11-01
Andramasina,429,229.0,2023-12-01
Antananarivo-Avaradrano,450,225.0,2023-12-01
Antananarivo-Atsimondrano,440,224.0,2023-12-01
Manjakandriana,446,222.0,2023-12-01
Ambohidratrimo,449,220.0,2023-12-01
Anjozorobe,442,230.0,2023-12-01
Ankazobe,441,223.0,2023-12-01
